/*
SQLyog Community v13.1.6 (64 bit)
MySQL - 8.0.28 : Database - orange
*********************************************************************
*/

/*!40101 SET NAMES utf8 */;

/*!40101 SET SQL_MODE=''*/;

/*!40014 SET @OLD_UNIQUE_CHECKS=@@UNIQUE_CHECKS, UNIQUE_CHECKS=0 */;
/*!40014 SET @OLD_FOREIGN_KEY_CHECKS=@@FOREIGN_KEY_CHECKS, FOREIGN_KEY_CHECKS=0 */;
/*!40101 SET @OLD_SQL_MODE=@@SQL_MODE, SQL_MODE='NO_AUTO_VALUE_ON_ZERO' */;
/*!40111 SET @OLD_SQL_NOTES=@@SQL_NOTES, SQL_NOTES=0 */;
CREATE DATABASE /*!32312 IF NOT EXISTS*/`orange` /*!40100 DEFAULT CHARACTER SET utf8 */ /*!80016 DEFAULT ENCRYPTION='N' */;

USE `orange`;

/*Table structure for table `address` */

DROP TABLE IF EXISTS `address`;

CREATE TABLE `address` (
  `id` varchar(255) NOT NULL COMMENT '主键：用户id + 时间',
  `user_id` bigint DEFAULT NULL COMMENT '用户id',
  `address_area` varchar(255) CHARACTER SET utf8 COLLATE utf8_general_ci DEFAULT NULL COMMENT '地区信息',
  `address_detail` varchar(255) DEFAULT NULL COMMENT '详细地址',
  `address_name` varchar(255) DEFAULT NULL COMMENT '收货人姓名',
  `address_phone` varchar(255) DEFAULT NULL COMMENT '收货人电话号码',
  `address_default` tinyint(1) DEFAULT NULL COMMENT '是否默认地址（1：默认）',
  PRIMARY KEY (`id`)
) ENGINE=InnoDB DEFAULT CHARSET=utf8mb3;

/*Data for the table `address` */

insert  into `address`(`id`,`user_id`,`address_area`,`address_detail`,`address_name`,`address_phone`,`address_default`) values 
('120230908195108',1,'江西省九江市湖口县','时代明湖1栋1801','封心','18979265641',0),
('120230908195223',1,'江西省南昌市青山湖区','江西农业大学东区菜鸟驿站','大帅','18979265641',1),
('120230908200101',1,'江西省南昌市新建区','新建第二中学菜鸟驿站','小鱼','166666666666',0);

/*Table structure for table `cart` */

DROP TABLE IF EXISTS `cart`;

CREATE TABLE `cart` (
  `id` varchar(255) NOT NULL COMMENT '购物车id（用户id + 时间 + 商品id）',
  `good_id` varchar(255) CHARACTER SET utf8 COLLATE utf8_general_ci DEFAULT NULL COMMENT '商品的id',
  `good_number` int DEFAULT NULL COMMENT '商品的数量',
  `user_id` bigint DEFAULT NULL COMMENT '所属用户的id',
  `add_time` datetime DEFAULT NULL COMMENT '加入购物车的时间',
  PRIMARY KEY (`id`)
) ENGINE=InnoDB DEFAULT CHARSET=utf8mb3;

/*Data for the table `cart` */

insert  into `cart`(`id`,`good_id`,`good_number`,`user_id`,`add_time`) values 
('120230908164155120230813134313','120230813134313',2,1,'2023-09-08 16:41:55'),
('1720230902174025120230813111410','120230813111410',141,17,'2023-09-02 17:40:25'),
('1720230905165504120230813134313','120230813134313',10,17,'2023-09-05 16:55:04'),
('1720230905165615120230814180056','120230814180056',4,17,'2023-09-05 16:56:15'),
('2820231008233135120230813134313','120230813134313',1,28,'2023-10-08 23:31:35');

/*Table structure for table `chat_record` */

DROP TABLE IF EXISTS `chat_record`;

CREATE TABLE `chat_record` (
  `id` varchar(255) NOT NULL COMMENT '主键id：用户id+时间+对象id',
  `sender_id` bigint DEFAULT NULL COMMENT '发送者id',
  `receiver_id` bigint DEFAULT NULL COMMENT '接收者id',
  `message_type` enum('文字','图片','emoji','视频') DEFAULT NULL COMMENT '消息类型',
  `content` text COMMENT '消息内容',
  `read` tinyint(1) DEFAULT '0' COMMENT '是否已读（1已读 0未读）',
  `send_time` datetime DEFAULT NULL COMMENT '发送时间',
  PRIMARY KEY (`id`)
) ENGINE=InnoDB DEFAULT CHARSET=utf8mb3;

/*Data for the table `chat_record` */

insert  into `chat_record`(`id`,`sender_id`,`receiver_id`,`message_type`,`content`,`read`,`send_time`) values 
('1',17,3,'文字','你好，请问什么时候发货？',0,'2023-08-01 15:39:59'),
('10',17,3,'文字','好',0,'2023-08-10 16:42:14'),
('11',17,2,'文字','很高兴认识你',1,'2023-08-01 16:42:17'),
('12',2,17,'文字','我也是',1,'2023-08-01 16:42:37'),
('13',17,2,'文字','你也是江西的吗？',1,'2023-08-01 16:43:05'),
('14',2,17,'文字','是哇，我就住在南昌',1,'2023-08-01 16:43:28'),
('15',17,4,'文字','您好，我想咨询一下柑橘种植的相关问题',0,'2023-08-02 16:45:22'),
('16',4,17,'文字','好，你随意问，我会尽力解答',0,'2023-08-04 16:45:53'),
('17',17,4,'文字','感谢，我想知道如何防止橘小实蝇危害我的柑橘',0,'2023-08-04 16:46:33'),
('17202309142247391',17,1,'文字','test1111',1,'2023-09-14 22:47:39'),
('17202309142345461',17,1,'文字','asdfasdf',1,'2023-09-14 23:45:46'),
('17202309181701512',17,2,'文字','17.01',1,'2023-09-18 17:01:51'),
('17202309181702232',17,2,'文字','17.02',1,'2023-09-18 17:02:23'),
('17202309181702522',17,2,'文字','17.02',1,'2023-09-18 17:02:52'),
('17202309181703002',17,2,'文字','17.03',1,'2023-09-18 17:03:00'),
('17202309181716112',17,2,'文字','17.16',1,'2023-09-18 17:16:11'),
('17202309181717072',17,2,'文字','17.17',1,'2023-09-18 17:17:07'),
('17202309181719012',17,2,'文字','17.19',1,'2023-09-18 17:19:01'),
('17202309181720192',17,2,'文字','17.20',1,'2023-09-18 17:20:19'),
('17202309181720252',17,2,'文字','17.20',1,'2023-09-18 17:20:25'),
('17202309181721122',17,2,'文字','17.21',1,'2023-09-18 17:21:12'),
('17202309181721212',17,2,'文字','17.21',1,'2023-09-18 17:21:21'),
('17202309181721502',17,2,'文字','17.21',1,'2023-09-18 17:21:50'),
('17202309181721592',17,2,'文字','17.21',1,'2023-09-18 17:21:59'),
('17202309181723462',17,2,'文字','17.23',1,'2023-09-18 17:23:46'),
('17202309181724302',17,2,'文字','1111',1,'2023-09-18 17:24:30'),
('17202309181725212',17,2,'文字','17.25',1,'2023-09-18 17:25:21'),
('17202309181739462',17,2,'文字','17.39',1,'2023-09-18 17:39:46'),
('17202309181740202',17,2,'文字','17.40',1,'2023-09-18 17:40:20'),
('17202309181741462',17,2,'文字','17.41',1,'2023-09-18 17:41:46'),
('17202309181753582',17,2,'文字','17.53',1,'2023-09-18 17:53:58'),
('17202309181755412',17,2,'文字','17.55',1,'2023-09-18 17:55:41'),
('17202309181757242',17,2,'文字','17.57',1,'2023-09-18 17:57:24'),
('17202309181758352',17,2,'文字','17.58',1,'2023-09-18 17:58:35'),
('17202309181759492',17,2,'文字','17.59',1,'2023-09-18 17:59:49'),
('17202309181808342',17,2,'文字','18.08',0,'2023-09-18 18:08:34'),
('172023091818100317',17,17,'文字','18.10',1,'2023-09-18 18:10:03'),
('18',4,17,'文字','这个很简单，你去商城买个杀虫剂就可以了',0,'2023-08-04 16:47:05'),
('19',17,4,'文字','好哒，您有推荐的杀虫剂吗？',0,'2023-08-05 16:47:25'),
('2',17,3,'文字','这都好多天了，能不能发货',0,'2023-08-02 15:40:03'),
('20',17,4,'文字','在吗？',0,'2023-08-06 16:48:13'),
('21',17,2,'文字','加法性质：对于任意实数 a、b 和 c，如果 a < b，则有 a + c < b + c。\r\n\r\n减法性质：对于任意实数 a、b 和 c，如果 a < b，则有 a - c < b - c。\r\n\r\n乘法性质：对于任意实数 a、b 和 c，如果 a < b 且 c > 0，则有 ac < bc。如果 c < 0，则有 ac > bc。\r\n\r\n除法性质：对于任意实数 a、b 和 c，如果 a < b 且 c > 0，则有 a/c < b/c。如果 c < 0，则有 a/c > b/c。\r\n\r\n幂性质：对于任意实数 a、b 和正整数 n，如果 a < b，则有 a^n < b^n。但是当 n 为负奇数时，不等号方向会颠倒，即 a^n > b^n。\r\n\r\n取正性质：如果 a > 0，则对 a 取正不会改变不等关系，即如果 a < b，则有 |a| < |b|。\r\n\r\n绝对值不等式：对于任意实数 a 和 b，有 |a + b| ≤ |a| + |b|，这是绝对值的三角不等式。\r\n\r\n均值不等式：对于任意非负实数 a1, a2, …, an，有以下几个常见的均值不等式：\r\n\r\n算术均值不等式：(a1 + a2 + … + an)/n ≥ √(a1 * a2 * … * an)。\r\n几何均值不等式：√(a1 * a2 * … * an) ≥ (a1 + a2 + … + an)/n。',1,'2023-09-17 17:29:37'),
('22',2,17,'文字','厉害啊',1,'2023-09-17 17:30:35'),
('23',2,17,'文字','高中数学中，不等式是基础知识，在函数问题中占比较大，出题面广，难度大，解题比较繁琐。须把它整理出来，认真研究，学细、学深、学透，为备战高考奠定坚实基础。\r\n不等式是与等式相区别的，意思就是左边与右边不等，等式简单，就“=”一个符号，而不等式有“≠”、“>”、“<”、“≥”“≤”5种，“不等”就是有差距，我们学习不等式的其中一个目的就是掌握这种差距的思维。\r\n比较两个数（函数）的大小， 一是作差，二是作商（作除数的不能为零），这个容易理解吧，有了这种思维，不等式问题就好解决了。以下是高中阶段的不等式公式：',1,'2023-09-17 17:31:35'),
('28202309272128441',28,1,'文字','阿斯蒂芬',0,'2023-09-27 21:28:44'),
('28202310082310461',28,1,'文字','111',0,'2023-10-08 23:10:46'),
('28202310082310531',28,1,'文字','11',0,'2023-10-08 23:10:53'),
('28202310082310561',28,1,'文字','1',0,'2023-10-08 23:10:56'),
('28202310082311001',28,1,'文字','1',0,'2023-10-08 23:11:00'),
('28202310082311011',28,1,'文字','1',0,'2023-10-08 23:11:01'),
('28202310082311021',28,1,'文字','1',0,'2023-10-08 23:11:02'),
('28202310082311031',28,1,'文字','1',0,'2023-10-08 23:11:03'),
('28202310082311041',28,1,'文字','1',0,'2023-10-08 23:11:04'),
('28202310082311051',28,1,'文字','1',0,'2023-10-08 23:11:05'),
('28202310082311061',28,1,'文字','1',0,'2023-10-08 23:11:06'),
('28202310082311071',28,1,'文字','1',0,'2023-10-08 23:11:07'),
('28202310082311081',28,1,'文字','1',0,'2023-10-08 23:11:08'),
('28202310082311111',28,1,'文字','1',0,'2023-10-08 23:11:11'),
('28202310082311131',28,1,'文字','1',0,'2023-10-08 23:11:13'),
('28202310082311161',28,1,'文字','1',0,'2023-10-08 23:11:16'),
('28202310082312201',28,1,'文字','1',0,'2023-10-08 23:12:20'),
('28202310082313531',28,1,'文字','1',0,'2023-10-08 23:13:53'),
('28202310082314111',28,1,'文字','1',0,'2023-10-08 23:14:11'),
('28202310082315181',28,1,'文字','1',0,'2023-10-08 23:15:18'),
('28202310082317011',28,1,'文字','1',0,'2023-10-08 23:17:01'),
('3',3,17,'文字','亲！您不要着急，我们这加急给你发货中',1,'2023-08-03 15:40:06'),
('4',7,17,'文字','亲！请确认订单是否准确',1,'2023-08-04 15:40:08'),
('5',17,7,'文字','订单没问题',0,'2023-08-05 15:40:12'),
('6',17,7,'文字','另外，我想问一下什么时候能发货',0,'2023-08-06 15:40:15'),
('7',7,17,'文字','亲！我们将在明天尽快发货',1,'2023-08-07 15:40:18'),
('8',17,3,'文字','我的东西咋还没到呢？？？',0,'2023-08-08 15:40:21'),
('9',3,17,'文字','亲！对于给你带来了不好的购物体验我们深感抱歉。这边可以帮你办理退货服务',1,'2023-08-09 15:40:23');

/*Table structure for table `comment` */

DROP TABLE IF EXISTS `comment`;

CREATE TABLE `comment` (
  `id` varchar(255) NOT NULL COMMENT '评论 id（评论时间+用户id）',
  `post_id` varchar(255) DEFAULT NULL COMMENT '帖子 id',
  `content` varchar(255) DEFAULT NULL COMMENT '评论内容',
  `user_id` bigint DEFAULT NULL COMMENT '评论者id',
  `parent_id` varchar(255) DEFAULT NULL COMMENT '父评论id',
  `create_time` datetime DEFAULT NULL COMMENT '评论创建时间',
  PRIMARY KEY (`id`)
) ENGINE=InnoDB DEFAULT CHARSET=utf8mb3;

/*Data for the table `comment` */

insert  into `comment`(`id`,`post_id`,`content`,`user_id`,`parent_id`,`create_time`) values 
('202262626248421','120230808133318','子评论12',9,'202308145457211','2023-08-30 11:48:42'),
('202308005149181','120230808133318','子评论03',2,'202308111147211','2023-08-29 11:49:17'),
('202308111147211','120230808133318','父评论1',6,NULL,'2023-08-05 11:47:21'),
('202308111148421','120230808133318','子评论11',5,'202308145457211','2023-08-30 11:48:42'),
('202308111149171','120230808133318','子评论01',4,'202308145457211','2023-08-11 11:49:17'),
('202308115149151','120230808133318','子评论02',3,'202308111147211','2023-08-11 11:49:17'),
('202308145457211','120230808133318','父评论2',7,NULL,'2023-08-11 11:47:21'),
('202308157577211','120230808133318','父评论3',8,NULL,'2023-08-25 11:47:21'),
('2023082520493917','120230808133318','20.50',17,NULL,'2023-08-25 20:49:39'),
('2023082520520217','120230808133318','20.52',17,NULL,'2023-08-25 20:52:02'),
('2023082520553817','120230808133318','评论内容不可以为null',17,NULL,'2023-08-25 20:55:38'),
('2023082520555717','120230808133318','2056',17,NULL,'2023-08-25 20:55:57'),
('2023082521104017','120230808133318','21.11',17,NULL,'2023-08-25 21:10:40'),
('2023091415173517','120230808133318','123',17,NULL,'2023-09-14 15:17:35'),
('2023100823292928','120230808133318','23.29',28,NULL,'2023-10-08 23:29:29');

/*Table structure for table `comment_like` */

DROP TABLE IF EXISTS `comment_like`;

CREATE TABLE `comment_like` (
  `id` varchar(255) NOT NULL COMMENT '主键（用户id + 评论id）',
  `user_id` bigint DEFAULT NULL COMMENT '用户 id',
  `comment_id` varchar(255) DEFAULT NULL COMMENT '评论 id',
  `deleted` tinyint(1) DEFAULT NULL COMMENT '逻辑删除(1:已删除；0：未删除)',
  `like_time` datetime DEFAULT NULL COMMENT '点赞时间',
  PRIMARY KEY (`id`)
) ENGINE=InnoDB DEFAULT CHARSET=utf8mb3;

/*Data for the table `comment_like` */

/*Table structure for table `concern` */

DROP TABLE IF EXISTS `concern`;

CREATE TABLE `concern` (
  `id` varchar(255) NOT NULL COMMENT '主键（关注人id + 时间 + 被关注人id）',
  `user_id` bigint DEFAULT NULL COMMENT '关注人id',
  `concerned_id` bigint DEFAULT NULL COMMENT '被关注人id',
  `deleted` tinyint(1) DEFAULT NULL COMMENT '逻辑删除(1:已删除；0：未删除)',
  `concern_time` datetime DEFAULT NULL COMMENT '关注时间',
  PRIMARY KEY (`id`)
) ENGINE=InnoDB DEFAULT CHARSET=utf8mb3;

/*Data for the table `concern` */

insert  into `concern`(`id`,`user_id`,`concerned_id`,`deleted`,`concern_time`) values 
('1',1,3,0,'2023-05-11 11:14:05'),
('2',2,4,0,'2023-08-02 11:14:28'),
('3',1,4,0,'2023-08-11 11:14:39'),
('4',1,2,1,'2023-08-02 11:15:01'),
('5',2,1,1,'2023-08-02 11:15:16'),
('6',3,4,0,'2023-08-05 11:15:26'),
('7',4,3,1,'2023-08-04 11:15:40'),
('8',3,1,0,'2023-08-17 11:15:58'),
('9',4,1,0,'2023-08-03 11:16:13');

/*Table structure for table `disease` */

DROP TABLE IF EXISTS `disease`;

CREATE TABLE `disease` (
  `id` bigint NOT NULL AUTO_INCREMENT COMMENT '自增主键',
  `disease_name` varchar(20) DEFAULT NULL COMMENT '疾病名称',
  `disease_description` text COMMENT '疾病描述',
  `disease_cause` text COMMENT '疾病病因',
  `disease_suggestion` text COMMENT '疾病建议',
  `;` varchar(50) CHARACTER SET utf8 COLLATE utf8_general_ci DEFAULT NULL COMMENT '疾病图例',
  `deleted` tinyint(1) DEFAULT NULL COMMENT '1：已删除；0：使用中',
  PRIMARY KEY (`id`)
) ENGINE=InnoDB DEFAULT CHARSET=utf8mb3;

/*Data for the table `disease` */

/*Table structure for table `footprint` */

DROP TABLE IF EXISTS `footprint`;

CREATE TABLE `footprint` (
  `id` varchar(255) NOT NULL COMMENT '主键（用户id + 时间）',
  `user_id` bigint DEFAULT NULL COMMENT '用户id',
  `post_id` varchar(255) DEFAULT NULL COMMENT '浏览的帖子id',
  `good_id` varchar(255) DEFAULT NULL COMMENT '浏览的商品id',
  `browse_time` datetime DEFAULT NULL COMMENT '浏览时间',
  `post` tinyint(1) DEFAULT NULL COMMENT '是否是帖子',
  `good` tinyint(1) DEFAULT NULL COMMENT '是否是商品',
  PRIMARY KEY (`id`)
) ENGINE=InnoDB DEFAULT CHARSET=utf8mb3;

/*Data for the table `footprint` */

insert  into `footprint`(`id`,`user_id`,`post_id`,`good_id`,`browse_time`,`post`,`good`) values 
('120230809134755',1,'120230808133352',NULL,'2023-08-09 13:47:55',1,0),
('120230811122049',1,'120230808133318',NULL,'2023-08-11 12:20:49',1,0),
('120230811122134',1,'120230808133318',NULL,'2023-08-11 12:21:34',1,0),
('120230812085633',1,'120230808133318',NULL,'2023-08-12 08:56:33',1,0),
('120230812125032',1,'120230812085217',NULL,'2023-08-12 12:50:32',1,0),
('120230812130138',1,'120230812130008',NULL,'2023-08-12 13:01:38',1,0),
('120230812130328',1,'120230812130008',NULL,'2023-08-12 13:03:28',1,0),
('120230813193509',1,NULL,'120230813111616','2023-08-13 19:35:09',0,1),
('120230813193616',1,NULL,'120230813111616','2023-08-13 19:36:16',0,1),
('120230814120439',1,NULL,'120230813111616','2023-08-14 12:04:39',0,1),
('120230814173856',1,NULL,'120230813111616','2023-08-14 17:38:56',0,1),
('120230814173944',1,NULL,'120230813111616','2023-08-14 17:39:44',0,1),
('120230814220118',1,'120230808133318',NULL,'2023-08-14 22:01:18',1,0),
('1720230820095243',17,'120230808133318',NULL,'2023-08-20 09:52:43',1,0),
('1720230820095310',17,'120230808133318',NULL,'2023-08-20 09:53:10',1,0),
('1720230820095314',17,'120230808133318',NULL,'2023-08-20 09:53:14',1,0),
('1720230820095411',17,'120230808133318',NULL,'2023-08-20 09:54:11',1,0),
('1720230820095416',17,'120230808133318',NULL,'2023-08-20 09:54:16',1,0),
('1720230820095434',17,'120230808133318',NULL,'2023-08-20 09:54:34',1,0),
('1720230820095444',17,'120230808133318',NULL,'2023-08-20 09:54:44',1,0),
('1720230820100002',17,'120230808133318',NULL,'2023-08-20 10:00:02',1,0),
('1720230820100006',17,'120230808133318',NULL,'2023-08-20 10:00:06',1,0),
('1720230820100643',17,'120230808133318',NULL,'2023-08-20 10:06:43',1,0),
('1720230820100650',17,'120230808133318',NULL,'2023-08-20 10:06:50',1,0),
('1720230820100815',17,'120230808133318',NULL,'2023-08-20 10:08:15',1,0),
('1720230820100915',17,'120230808133318',NULL,'2023-08-20 10:09:15',1,0),
('1720230820100948',17,'120230808133318',NULL,'2023-08-20 10:09:48',1,0),
('1720230820101019',17,'120230808133318',NULL,'2023-08-20 10:10:19',1,0),
('1720230820101204',17,'120230808133318',NULL,'2023-08-20 10:12:04',1,0),
('1720230820101300',17,'120230808133318',NULL,'2023-08-20 10:13:00',1,0),
('1720230820101438',17,'120230808133352',NULL,'2023-08-20 10:14:38',1,0),
('1720230820101443',17,'120230808143833',NULL,'2023-08-20 10:14:43',1,0),
('1720230820101508',17,'120230808143833',NULL,'2023-08-20 10:15:08',1,0),
('1720230820101528',17,'120230808133318',NULL,'2023-08-20 10:15:28',1,0),
('1720230820101546',17,'120230808133318',NULL,'2023-08-20 10:15:46',1,0),
('1720230820101550',17,'120230808133318',NULL,'2023-08-20 10:15:50',1,0),
('1720230820101642',17,'120230808133318',NULL,'2023-08-20 10:16:42',1,0),
('1720230820101645',17,'120230808133318',NULL,'2023-08-20 10:16:45',1,0),
('1720230820101653',17,'120230808133318',NULL,'2023-08-20 10:16:53',1,0),
('1720230820101724',17,'120230808133318',NULL,'2023-08-20 10:17:24',1,0),
('1720230820101728',17,'120230808133318',NULL,'2023-08-20 10:17:28',1,0),
('1720230820101737',17,'120230808133318',NULL,'2023-08-20 10:17:37',1,0),
('1720230820102607',17,'120230808133318',NULL,'2023-08-20 10:26:07',1,0),
('1720230820102655',17,'120230808133318',NULL,'2023-08-20 10:26:55',1,0),
('1720230820102701',17,'120230808133318',NULL,'2023-08-20 10:27:01',1,0),
('1720230820102732',17,'120230808133318',NULL,'2023-08-20 10:27:32',1,0),
('1720230820103312',17,'120230808133318',NULL,'2023-08-20 10:33:12',1,0),
('1720230820103317',17,'120230808133318',NULL,'2023-08-20 10:33:17',1,0),
('1720230820103344',17,'120230808133318',NULL,'2023-08-20 10:33:44',1,0),
('1720230820103411',17,'120230808133318',NULL,'2023-08-20 10:34:11',1,0),
('1720230820103820',17,'120230808133318',NULL,'2023-08-20 10:38:20',1,0),
('1720230820103918',17,'120230808133318',NULL,'2023-08-20 10:39:18',1,0),
('1720230820104014',17,'120230808133318',NULL,'2023-08-20 10:40:14',1,0),
('1720230820104017',17,'120230808133318',NULL,'2023-08-20 10:40:17',1,0),
('1720230820104055',17,'120230808133318',NULL,'2023-08-20 10:40:55',1,0),
('1720230820104059',17,'120230808133318',NULL,'2023-08-20 10:40:59',1,0),
('1720230820105125',17,'120230808133318',NULL,'2023-08-20 10:51:25',1,0),
('1720230820105151',17,'120230808133318',NULL,'2023-08-20 10:51:51',1,0),
('1720230820105221',17,'120230808133318',NULL,'2023-08-20 10:52:21',1,0),
('1720230820105225',17,'120230808133318',NULL,'2023-08-20 10:52:25',1,0),
('1720230820105238',17,'120230808133318',NULL,'2023-08-20 10:52:38',1,0),
('1720230820105245',17,'120230808133318',NULL,'2023-08-20 10:52:45',1,0),
('1720230820105248',17,'120230808133318',NULL,'2023-08-20 10:52:48',1,0),
('1720230820105301',17,'120230808133318',NULL,'2023-08-20 10:53:01',1,0),
('1720230820105312',17,'120230808133318',NULL,'2023-08-20 10:53:12',1,0),
('1720230820105707',17,'120230808133318',NULL,'2023-08-20 10:57:07',1,0),
('1720230820105719',17,'120230808133318',NULL,'2023-08-20 10:57:19',1,0),
('1720230820105723',17,'120230808133318',NULL,'2023-08-20 10:57:23',1,0),
('1720230820105728',17,'120230808133318',NULL,'2023-08-20 10:57:28',1,0),
('1720230820105748',17,'120230808133318',NULL,'2023-08-20 10:57:48',1,0),
('1720230820105754',17,'120230808133318',NULL,'2023-08-20 10:57:54',1,0),
('1720230820105839',17,'120230808133318',NULL,'2023-08-20 10:58:39',1,0),
('1720230820105843',17,'120230808133318',NULL,'2023-08-20 10:58:43',1,0),
('1720230820105902',17,'120230808133318',NULL,'2023-08-20 10:59:02',1,0),
('1720230820110016',17,'120230808133318',NULL,'2023-08-20 11:00:16',1,0),
('1720230820110103',17,'120230808133318',NULL,'2023-08-20 11:01:03',1,0),
('1720230820110106',17,'120230808133318',NULL,'2023-08-20 11:01:06',1,0),
('1720230820110209',17,'120230808133318',NULL,'2023-08-20 11:02:09',1,0),
('1720230820110215',17,'120230808133318',NULL,'2023-08-20 11:02:15',1,0),
('1720230820110227',17,'120230808133318',NULL,'2023-08-20 11:02:27',1,0),
('1720230820110231',17,'120230808133318',NULL,'2023-08-20 11:02:31',1,0),
('1720230820110249',17,'120230808133318',NULL,'2023-08-20 11:02:49',1,0),
('1720230820110252',17,'120230808133318',NULL,'2023-08-20 11:02:52',1,0),
('1720230820110322',17,'120230808133318',NULL,'2023-08-20 11:03:22',1,0),
('1720230820110325',17,'120230808133318',NULL,'2023-08-20 11:03:25',1,0),
('1720230820110857',17,'120230808133318',NULL,'2023-08-20 11:08:57',1,0),
('1720230820110859',17,'120230808133318',NULL,'2023-08-20 11:08:59',1,0),
('1720230820111009',17,'120230808133318',NULL,'2023-08-20 11:10:09',1,0),
('1720230820111035',17,'120230808133318',NULL,'2023-08-20 11:10:35',1,0),
('1720230820111051',17,'120230808133318',NULL,'2023-08-20 11:10:51',1,0),
('1720230820111058',17,'120230808133318',NULL,'2023-08-20 11:10:58',1,0),
('1720230822095311',17,'120230808133318',NULL,'2023-08-22 09:53:11',1,0),
('1720230822095437',17,'120230808133318',NULL,'2023-08-22 09:54:37',1,0),
('1720230822095442',17,'120230808133318',NULL,'2023-08-22 09:54:42',1,0),
('1720230822095456',17,'120230808133318',NULL,'2023-08-22 09:54:56',1,0),
('1720230822095502',17,'120230808133318',NULL,'2023-08-22 09:55:02',1,0),
('1720230822095532',17,'120230808133318',NULL,'2023-08-22 09:55:32',1,0),
('1720230822095536',17,'120230808133318',NULL,'2023-08-22 09:55:36',1,0),
('1720230822095622',17,'120230808133318',NULL,'2023-08-22 09:56:22',1,0),
('1720230822095625',17,'120230808133318',NULL,'2023-08-22 09:56:25',1,0),
('1720230822095641',17,'120230808133318',NULL,'2023-08-22 09:56:41',1,0),
('1720230822095749',17,'120230808133318',NULL,'2023-08-22 09:57:49',1,0),
('1720230822095754',17,'120230808133318',NULL,'2023-08-22 09:57:54',1,0),
('1720230822095818',17,'120230808133318',NULL,'2023-08-22 09:58:18',1,0),
('1720230822100311',17,'120230808133318',NULL,'2023-08-22 10:03:11',1,0),
('1720230822100911',17,'120230808133318',NULL,'2023-08-22 10:09:11',1,0),
('1720230822100939',17,'120230808133318',NULL,'2023-08-22 10:09:39',1,0),
('1720230822100945',17,'120230808133318',NULL,'2023-08-22 10:09:45',1,0),
('1720230822101132',17,'120230808133318',NULL,'2023-08-22 10:11:32',1,0),
('1720230822101158',17,'120230808133318',NULL,'2023-08-22 10:11:58',1,0),
('1720230822101202',17,'120230808133318',NULL,'2023-08-22 10:12:02',1,0),
('1720230822101220',17,'120230808133318',NULL,'2023-08-22 10:12:20',1,0),
('1720230822101224',17,'120230808133318',NULL,'2023-08-22 10:12:24',1,0),
('1720230822101318',17,'120230808133318',NULL,'2023-08-22 10:13:18',1,0),
('1720230822101320',17,'120230808133318',NULL,'2023-08-22 10:13:20',1,0),
('1720230822101332',17,'120230808133318',NULL,'2023-08-22 10:13:32',1,0),
('1720230822101623',17,'120230808133318',NULL,'2023-08-22 10:16:23',1,0),
('1720230822101758',17,'120230808133318',NULL,'2023-08-22 10:17:58',1,0),
('1720230822101802',17,'120230808133318',NULL,'2023-08-22 10:18:02',1,0),
('1720230822101814',17,'120230808133318',NULL,'2023-08-22 10:18:14',1,0),
('1720230822101819',17,'120230808133318',NULL,'2023-08-22 10:18:19',1,0),
('1720230822101839',17,'120230808133318',NULL,'2023-08-22 10:18:39',1,0),
('1720230822101843',17,'120230808133318',NULL,'2023-08-22 10:18:43',1,0),
('1720230822102031',17,'120230808133318',NULL,'2023-08-22 10:20:31',1,0),
('1720230822102034',17,'120230808133318',NULL,'2023-08-22 10:20:34',1,0),
('1720230822102054',17,'120230808133318',NULL,'2023-08-22 10:20:54',1,0),
('1720230822102057',17,'120230808133318',NULL,'2023-08-22 10:20:57',1,0),
('1720230822102105',17,'120230808133318',NULL,'2023-08-22 10:21:05',1,0),
('1720230822102109',17,'120230808133318',NULL,'2023-08-22 10:21:09',1,0),
('1720230822102125',17,'120230808133318',NULL,'2023-08-22 10:21:25',1,0),
('1720230822102130',17,'120230808133318',NULL,'2023-08-22 10:21:30',1,0),
('1720230822102149',17,'120230808133318',NULL,'2023-08-22 10:21:49',1,0),
('1720230822102154',17,'120230808133318',NULL,'2023-08-22 10:21:54',1,0),
('1720230822102704',17,'120230808133318',NULL,'2023-08-22 10:27:04',1,0),
('1720230822102712',17,'120230808133318',NULL,'2023-08-22 10:27:12',1,0),
('1720230822102721',17,'120230808133318',NULL,'2023-08-22 10:27:21',1,0),
('1720230822102724',17,'120230808133318',NULL,'2023-08-22 10:27:24',1,0),
('1720230822102744',17,'120230808133318',NULL,'2023-08-22 10:27:44',1,0),
('1720230822102747',17,'120230808133318',NULL,'2023-08-22 10:27:47',1,0),
('1720230822102801',17,'120230808133318',NULL,'2023-08-22 10:28:01',1,0),
('1720230822102815',17,'120230808133318',NULL,'2023-08-22 10:28:15',1,0),
('1720230822102836',17,'120230808133318',NULL,'2023-08-22 10:28:36',1,0),
('1720230822102840',17,'120230808133318',NULL,'2023-08-22 10:28:40',1,0),
('1720230822103133',17,'120230808133318',NULL,'2023-08-22 10:31:33',1,0),
('1720230822103135',17,'120230808133318',NULL,'2023-08-22 10:31:35',1,0),
('1720230822103146',17,'120230808133318',NULL,'2023-08-22 10:31:46',1,0),
('1720230822103158',17,'120230808133318',NULL,'2023-08-22 10:31:58',1,0),
('1720230822103216',17,'120230808133318',NULL,'2023-08-22 10:32:16',1,0),
('1720230822103312',17,'120230808133318',NULL,'2023-08-22 10:33:12',1,0),
('1720230822103346',17,'120230808133318',NULL,'2023-08-22 10:33:46',1,0),
('1720230822103350',17,'120230808133318',NULL,'2023-08-22 10:33:50',1,0),
('1720230822103505',17,'120230808133318',NULL,'2023-08-22 10:35:05',1,0),
('1720230822103518',17,'120230808133318',NULL,'2023-08-22 10:35:18',1,0),
('1720230822103610',17,'120230808133318',NULL,'2023-08-22 10:36:10',1,0),
('1720230822103916',17,'120230808133318',NULL,'2023-08-22 10:39:16',1,0),
('1720230822103920',17,'120230808133318',NULL,'2023-08-22 10:39:20',1,0),
('1720230822104747',17,'120230808133318',NULL,'2023-08-22 10:47:47',1,0),
('1720230822104808',17,'120230808133318',NULL,'2023-08-22 10:48:08',1,0),
('1720230822104809',17,'120230808133318',NULL,'2023-08-22 10:48:09',1,0),
('1720230822104813',17,'120230808133318',NULL,'2023-08-22 10:48:13',1,0),
('1720230822104848',17,'120230808133318',NULL,'2023-08-22 10:48:48',1,0),
('1720230822104852',17,'120230808133318',NULL,'2023-08-22 10:48:52',1,0),
('1720230822104907',17,'120230808133318',NULL,'2023-08-22 10:49:07',1,0),
('1720230822104912',17,'120230808133318',NULL,'2023-08-22 10:49:12',1,0),
('1720230822105229',17,'120230808133318',NULL,'2023-08-22 10:52:29',1,0),
('1720230822105233',17,'120230808133318',NULL,'2023-08-22 10:52:33',1,0),
('1720230822105330',17,'120230808133318',NULL,'2023-08-22 10:53:30',1,0),
('1720230822105338',17,'120230808133318',NULL,'2023-08-22 10:53:38',1,0),
('1720230822105341',17,'120230808133318',NULL,'2023-08-22 10:53:41',1,0),
('1720230822105416',17,'120230808133318',NULL,'2023-08-22 10:54:16',1,0),
('1720230822105419',17,'120230808133318',NULL,'2023-08-22 10:54:19',1,0),
('1720230822105434',17,'120230808133318',NULL,'2023-08-22 10:54:34',1,0),
('1720230822105437',17,'120230808133318',NULL,'2023-08-22 10:54:37',1,0),
('1720230822105740',17,'120230808133318',NULL,'2023-08-22 10:57:40',1,0),
('1720230822105744',17,'120230808133318',NULL,'2023-08-22 10:57:44',1,0),
('1720230822105805',17,'120230808133318',NULL,'2023-08-22 10:58:05',1,0),
('1720230822105810',17,'120230808133318',NULL,'2023-08-22 10:58:10',1,0),
('1720230822105900',17,'120230808133318',NULL,'2023-08-22 10:59:00',1,0),
('1720230822105904',17,'120230808133318',NULL,'2023-08-22 10:59:04',1,0),
('1720230822105933',17,'120230808133318',NULL,'2023-08-22 10:59:33',1,0),
('1720230822105947',17,'120230808133318',NULL,'2023-08-22 10:59:47',1,0),
('1720230822110000',17,'120230808133318',NULL,'2023-08-22 11:00:00',1,0),
('1720230822110004',17,'120230808133318',NULL,'2023-08-22 11:00:04',1,0),
('1720230822110026',17,'120230808133318',NULL,'2023-08-22 11:00:26',1,0),
('1720230822110029',17,'120230808133318',NULL,'2023-08-22 11:00:29',1,0),
('1720230822110042',17,'120230808133318',NULL,'2023-08-22 11:00:42',1,0),
('1720230822110046',17,'120230808133318',NULL,'2023-08-22 11:00:46',1,0),
('1720230822110126',17,'120230808133318',NULL,'2023-08-22 11:01:26',1,0),
('1720230822110129',17,'120230808133318',NULL,'2023-08-22 11:01:29',1,0),
('1720230822110136',17,'120230808133318',NULL,'2023-08-22 11:01:36',1,0),
('1720230822110141',17,'120230808133318',NULL,'2023-08-22 11:01:41',1,0),
('1720230822110334',17,'120230808133318',NULL,'2023-08-22 11:03:34',1,0),
('1720230822110341',17,'120230808133318',NULL,'2023-08-22 11:03:41',1,0),
('1720230822110345',17,'120230808133318',NULL,'2023-08-22 11:03:45',1,0),
('1720230822110557',17,'120230808133318',NULL,'2023-08-22 11:05:57',1,0),
('1720230822110600',17,'120230808133318',NULL,'2023-08-22 11:06:00',1,0),
('1720230822110619',17,'120230808133318',NULL,'2023-08-22 11:06:19',1,0),
('1720230822110627',17,'120230808133318',NULL,'2023-08-22 11:06:27',1,0),
('1720230822112931',17,'120230808133318',NULL,'2023-08-22 11:29:31',1,0),
('1720230822112950',17,'120230808133318',NULL,'2023-08-22 11:29:50',1,0),
('1720230822112955',17,'120230808133318',NULL,'2023-08-22 11:29:55',1,0),
('1720230822113008',17,'120230808133318',NULL,'2023-08-22 11:30:08',1,0),
('1720230822113014',17,'120230808133318',NULL,'2023-08-22 11:30:14',1,0),
('1720230822113918',17,'120230808133318',NULL,'2023-08-22 11:39:18',1,0),
('1720230822113919',17,'120230808133318',NULL,'2023-08-22 11:39:19',1,0),
('1720230822113920',17,'120230808133318',NULL,'2023-08-22 11:39:20',1,0),
('1720230822113936',17,'120230808133318',NULL,'2023-08-22 11:39:36',1,0),
('1720230822113942',17,'120230808133318',NULL,'2023-08-22 11:39:42',1,0),
('1720230822114006',17,'120230808133318',NULL,'2023-08-22 11:40:06',1,0),
('1720230822114010',17,'120230808133318',NULL,'2023-08-22 11:40:10',1,0),
('1720230822114038',17,'120230808133318',NULL,'2023-08-22 11:40:38',1,0),
('1720230822114042',17,'120230808133318',NULL,'2023-08-22 11:40:42',1,0),
('1720230822114059',17,'120230808133318',NULL,'2023-08-22 11:40:59',1,0),
('1720230822114102',17,'120230808133318',NULL,'2023-08-22 11:41:02',1,0),
('1720230822114547',17,'120230808133318',NULL,'2023-08-22 11:45:47',1,0),
('1720230822114551',17,'120230808133318',NULL,'2023-08-22 11:45:51',1,0),
('1720230822114605',17,'120230808133318',NULL,'2023-08-22 11:46:05',1,0),
('1720230822114615',17,'120230808133318',NULL,'2023-08-22 11:46:15',1,0),
('1720230822114645',17,'120230808133318',NULL,'2023-08-22 11:46:45',1,0),
('1720230822114650',17,'120230808133318',NULL,'2023-08-22 11:46:50',1,0),
('1720230822114751',17,'120230808133318',NULL,'2023-08-22 11:47:51',1,0),
('1720230822143419',17,'120230808133318',NULL,'2023-08-22 14:34:19',1,0),
('1720230822143517',17,'120230808133318',NULL,'2023-08-22 14:35:17',1,0),
('1720230822143520',17,'120230808133318',NULL,'2023-08-22 14:35:20',1,0),
('1720230822143820',17,'120230808133318',NULL,'2023-08-22 14:38:20',1,0),
('1720230822143822',17,'120230808133318',NULL,'2023-08-22 14:38:22',1,0),
('1720230822152704',17,'120230808133318',NULL,'2023-08-22 15:27:04',1,0),
('1720230822152709',17,'120230808133318',NULL,'2023-08-22 15:27:09',1,0),
('1720230822152831',17,'120230808133318',NULL,'2023-08-22 15:28:31',1,0),
('1720230822152838',17,'120230808133318',NULL,'2023-08-22 15:28:38',1,0),
('1720230822152920',17,'120230808133318',NULL,'2023-08-22 15:29:20',1,0),
('1720230822152923',17,'120230808133318',NULL,'2023-08-22 15:29:23',1,0),
('1720230822153105',17,'120230808133318',NULL,'2023-08-22 15:31:05',1,0),
('1720230822153218',17,'120230808133318',NULL,'2023-08-22 15:32:18',1,0),
('1720230822153222',17,'120230808133318',NULL,'2023-08-22 15:32:22',1,0),
('1720230822153238',17,'120230808133318',NULL,'2023-08-22 15:32:38',1,0),
('1720230822153242',17,'120230808133318',NULL,'2023-08-22 15:32:42',1,0),
('1720230822153259',17,'120230808133318',NULL,'2023-08-22 15:32:59',1,0),
('1720230822153302',17,'120230808133318',NULL,'2023-08-22 15:33:02',1,0),
('1720230822153351',17,'120230808133318',NULL,'2023-08-22 15:33:51',1,0),
('1720230822153355',17,'120230808133318',NULL,'2023-08-22 15:33:55',1,0),
('1720230822154320',17,'120230808133318',NULL,'2023-08-22 15:43:20',1,0),
('1720230822154321',17,'120230808133318',NULL,'2023-08-22 15:43:21',1,0),
('1720230822155342',17,'120230808133318',NULL,'2023-08-22 15:53:42',1,0),
('1720230822155351',17,'120230808133318',NULL,'2023-08-22 15:53:51',1,0),
('1720230822155355',17,'120230808133318',NULL,'2023-08-22 15:53:55',1,0),
('1720230822155657',17,'120230808133318',NULL,'2023-08-22 15:56:57',1,0),
('1720230822155700',17,'120230808133318',NULL,'2023-08-22 15:57:00',1,0),
('1720230822155830',17,'120230808133318',NULL,'2023-08-22 15:58:30',1,0),
('1720230822155834',17,'120230808133318',NULL,'2023-08-22 15:58:34',1,0),
('1720230822155847',17,'120230808133318',NULL,'2023-08-22 15:58:47',1,0),
('1720230822155853',17,'120230808133318',NULL,'2023-08-22 15:58:53',1,0),
('1720230822155857',17,'120230808133318',NULL,'2023-08-22 15:58:57',1,0),
('1720230822160139',17,'120230808133318',NULL,'2023-08-22 16:01:39',1,0),
('1720230822160142',17,'120230808133318',NULL,'2023-08-22 16:01:42',1,0),
('1720230822160243',17,'120230808133318',NULL,'2023-08-22 16:02:43',1,0),
('1720230822160247',17,'120230808133318',NULL,'2023-08-22 16:02:47',1,0),
('1720230822160620',17,'120230808133318',NULL,'2023-08-22 16:06:20',1,0),
('1720230822160632',17,'120230808133318',NULL,'2023-08-22 16:06:32',1,0),
('1720230822160635',17,'120230808133318',NULL,'2023-08-22 16:06:35',1,0),
('1720230822160705',17,'120230808133318',NULL,'2023-08-22 16:07:05',1,0),
('1720230822160710',17,'120230808133318',NULL,'2023-08-22 16:07:10',1,0),
('1720230822163353',17,'120230808133318',NULL,'2023-08-22 16:33:53',1,0),
('1720230822163433',17,'120230808133318',NULL,'2023-08-22 16:34:33',1,0),
('1720230822163457',17,'120230808133318',NULL,'2023-08-22 16:34:57',1,0),
('1720230822163501',17,'120230808133318',NULL,'2023-08-22 16:35:01',1,0),
('1720230822163558',17,'120230808133318',NULL,'2023-08-22 16:35:58',1,0),
('1720230822163601',17,'120230808133318',NULL,'2023-08-22 16:36:01',1,0),
('1720230822163616',17,'120230808133318',NULL,'2023-08-22 16:36:16',1,0),
('1720230822163721',17,'120230808133318',NULL,'2023-08-22 16:37:21',1,0),
('1720230822163725',17,'120230808133318',NULL,'2023-08-22 16:37:25',1,0),
('1720230822163737',17,'120230808133318',NULL,'2023-08-22 16:37:37',1,0),
('1720230822163742',17,'120230808133318',NULL,'2023-08-22 16:37:42',1,0),
('1720230822163820',17,'120230808133318',NULL,'2023-08-22 16:38:20',1,0),
('1720230822163825',17,'120230808133318',NULL,'2023-08-22 16:38:25',1,0),
('1720230822163914',17,'120230808133318',NULL,'2023-08-22 16:39:14',1,0),
('1720230822163917',17,'120230808133318',NULL,'2023-08-22 16:39:17',1,0),
('1720230822164110',17,'120230808133318',NULL,'2023-08-22 16:41:10',1,0),
('1720230822164115',17,'120230808133318',NULL,'2023-08-22 16:41:15',1,0),
('1720230822164128',17,'120230808133318',NULL,'2023-08-22 16:41:28',1,0),
('1720230822164133',17,'120230808133318',NULL,'2023-08-22 16:41:33',1,0),
('1720230822164210',17,'120230808133318',NULL,'2023-08-22 16:42:10',1,0),
('1720230822164218',17,'120230808133318',NULL,'2023-08-22 16:42:18',1,0),
('1720230822164329',17,'120230808133318',NULL,'2023-08-22 16:43:29',1,0),
('1720230822164332',17,'120230808133318',NULL,'2023-08-22 16:43:32',1,0),
('1720230822164336',17,'120230808133318',NULL,'2023-08-22 16:43:36',1,0),
('1720230823102344',17,'120230808133318',NULL,'2023-08-23 10:23:44',1,0),
('1720230823102640',17,'120230808133318',NULL,'2023-08-23 10:26:40',1,0),
('1720230823104446',17,'120230808133318',NULL,'2023-08-23 10:44:46',1,0),
('1720230823104530',17,'120230808133318',NULL,'2023-08-23 10:45:30',1,0),
('1720230823104534',17,'120230808133318',NULL,'2023-08-23 10:45:34',1,0),
('1720230823104633',17,'120230808133318',NULL,'2023-08-23 10:46:33',1,0),
('1720230823104637',17,'120230808133318',NULL,'2023-08-23 10:46:37',1,0),
('1720230823104708',17,'120230808133318',NULL,'2023-08-23 10:47:08',1,0),
('1720230823104712',17,'120230808133318',NULL,'2023-08-23 10:47:12',1,0),
('1720230823104755',17,'120230808133318',NULL,'2023-08-23 10:47:55',1,0),
('1720230823104800',17,'120230808133318',NULL,'2023-08-23 10:48:00',1,0),
('1720230823104823',17,'120230808133318',NULL,'2023-08-23 10:48:23',1,0),
('1720230823104829',17,'120230808133318',NULL,'2023-08-23 10:48:29',1,0),
('1720230823105446',17,'120230808133318',NULL,'2023-08-23 10:54:46',1,0),
('1720230823105449',17,'120230808133318',NULL,'2023-08-23 10:54:49',1,0),
('1720230823105500',17,'120230808133318',NULL,'2023-08-23 10:55:00',1,0),
('1720230823105503',17,'120230808133318',NULL,'2023-08-23 10:55:03',1,0),
('1720230823105512',17,'120230808133318',NULL,'2023-08-23 10:55:12',1,0),
('1720230823105516',17,'120230808133318',NULL,'2023-08-23 10:55:16',1,0),
('1720230823105522',17,'120230808133318',NULL,'2023-08-23 10:55:22',1,0),
('1720230823105525',17,'120230808133318',NULL,'2023-08-23 10:55:25',1,0),
('1720230823105727',17,'120230808133318',NULL,'2023-08-23 10:57:27',1,0),
('1720230823105730',17,'120230808133318',NULL,'2023-08-23 10:57:30',1,0),
('1720230823105850',17,'120230808133318',NULL,'2023-08-23 10:58:50',1,0),
('1720230823105911',17,'120230808133318',NULL,'2023-08-23 10:59:11',1,0),
('1720230823105914',17,'120230808133318',NULL,'2023-08-23 10:59:14',1,0),
('1720230823105928',17,'120230808133318',NULL,'2023-08-23 10:59:28',1,0),
('1720230823110913',17,'120230808133318',NULL,'2023-08-23 11:09:13',1,0),
('1720230823111223',17,'120230808133318',NULL,'2023-08-23 11:12:23',1,0),
('1720230823111511',17,'120230808133318',NULL,'2023-08-23 11:15:11',1,0),
('1720230823111514',17,'120230808133318',NULL,'2023-08-23 11:15:14',1,0),
('1720230823111546',17,'120230808133318',NULL,'2023-08-23 11:15:46',1,0),
('1720230823111550',17,'120230808133318',NULL,'2023-08-23 11:15:50',1,0),
('1720230823111645',17,'120230808133318',NULL,'2023-08-23 11:16:45',1,0),
('1720230823111649',17,'120230808133318',NULL,'2023-08-23 11:16:49',1,0),
('1720230823112051',17,'120230808133318',NULL,'2023-08-23 11:20:51',1,0),
('1720230823112055',17,'120230808133318',NULL,'2023-08-23 11:20:55',1,0),
('1720230823112247',17,'120230808133318',NULL,'2023-08-23 11:22:47',1,0),
('1720230823112249',17,'120230808133318',NULL,'2023-08-23 11:22:49',1,0),
('1720230823112308',17,'120230808133318',NULL,'2023-08-23 11:23:08',1,0),
('1720230823112313',17,'120230808133318',NULL,'2023-08-23 11:23:13',1,0),
('1720230823112509',17,'120230808133318',NULL,'2023-08-23 11:25:09',1,0),
('1720230823112516',17,'120230808133318',NULL,'2023-08-23 11:25:16',1,0),
('1720230823112707',17,'120230808133318',NULL,'2023-08-23 11:27:07',1,0),
('1720230823112727',17,'120230808133318',NULL,'2023-08-23 11:27:27',1,0),
('1720230823112732',17,'120230808133318',NULL,'2023-08-23 11:27:32',1,0),
('1720230823112822',17,'120230808133318',NULL,'2023-08-23 11:28:22',1,0),
('1720230823112826',17,'120230808133318',NULL,'2023-08-23 11:28:26',1,0),
('1720230823112944',17,'120230808133318',NULL,'2023-08-23 11:29:44',1,0),
('1720230823112950',17,'120230808133318',NULL,'2023-08-23 11:29:50',1,0),
('1720230823113009',17,'120230808133318',NULL,'2023-08-23 11:30:09',1,0),
('1720230823113012',17,'120230808133318',NULL,'2023-08-23 11:30:12',1,0),
('1720230823113334',17,'120230808133318',NULL,'2023-08-23 11:33:34',1,0),
('1720230823113337',17,'120230808133318',NULL,'2023-08-23 11:33:37',1,0),
('1720230823113455',17,'120230808133318',NULL,'2023-08-23 11:34:55',1,0),
('1720230823113458',17,'120230808133318',NULL,'2023-08-23 11:34:58',1,0),
('1720230823113706',17,'120230808133318',NULL,'2023-08-23 11:37:06',1,0),
('1720230823113929',17,'120230808133318',NULL,'2023-08-23 11:39:29',1,0),
('1720230823113935',17,'120230808133318',NULL,'2023-08-23 11:39:35',1,0),
('1720230823113951',17,'120230808133318',NULL,'2023-08-23 11:39:51',1,0),
('1720230823114127',17,'120230808133318',NULL,'2023-08-23 11:41:27',1,0),
('1720230823114150',17,'120230808133318',NULL,'2023-08-23 11:41:50',1,0),
('1720230823114154',17,'120230808133318',NULL,'2023-08-23 11:41:54',1,0),
('1720230823114236',17,'120230808133318',NULL,'2023-08-23 11:42:36',1,0),
('1720230823114249',17,'120230808133318',NULL,'2023-08-23 11:42:49',1,0),
('1720230823114253',17,'120230808133318',NULL,'2023-08-23 11:42:53',1,0),
('1720230823114528',17,'120230808133318',NULL,'2023-08-23 11:45:28',1,0),
('1720230823114532',17,'120230808133318',NULL,'2023-08-23 11:45:32',1,0),
('1720230823114544',17,'120230808133318',NULL,'2023-08-23 11:45:44',1,0),
('1720230823143055',17,'120230808133318',NULL,'2023-08-23 14:30:55',1,0),
('1720230823143233',17,'120230808133318',NULL,'2023-08-23 14:32:33',1,0),
('1720230823143236',17,'120230808133318',NULL,'2023-08-23 14:32:36',1,0),
('1720230823143241',17,'120230808133318',NULL,'2023-08-23 14:32:41',1,0),
('1720230823143309',17,'120230808133318',NULL,'2023-08-23 14:33:09',1,0),
('1720230823143314',17,'120230808133318',NULL,'2023-08-23 14:33:14',1,0),
('1720230823143327',17,'120230808133318',NULL,'2023-08-23 14:33:27',1,0),
('1720230823143331',17,'120230808133318',NULL,'2023-08-23 14:33:31',1,0),
('1720230823143353',17,'120230808133318',NULL,'2023-08-23 14:33:53',1,0),
('1720230823143357',17,'120230808133318',NULL,'2023-08-23 14:33:57',1,0),
('1720230823143617',17,'120230808133318',NULL,'2023-08-23 14:36:17',1,0),
('1720230823143620',17,'120230808133318',NULL,'2023-08-23 14:36:20',1,0),
('1720230823143625',17,'120230808133318',NULL,'2023-08-23 14:36:25',1,0),
('1720230823143718',17,'120230808133318',NULL,'2023-08-23 14:37:18',1,0),
('1720230823143722',17,'120230808133318',NULL,'2023-08-23 14:37:22',1,0),
('1720230823143842',17,'120230808133318',NULL,'2023-08-23 14:38:42',1,0),
('1720230823143848',17,'120230808133318',NULL,'2023-08-23 14:38:48',1,0),
('1720230823144232',17,'120230808133318',NULL,'2023-08-23 14:42:32',1,0),
('1720230823144236',17,'120230808133318',NULL,'2023-08-23 14:42:36',1,0),
('1720230823144321',17,'120230808133318',NULL,'2023-08-23 14:43:21',1,0),
('1720230823144444',17,'120230808133318',NULL,'2023-08-23 14:44:44',1,0),
('1720230823144447',17,'120230808133318',NULL,'2023-08-23 14:44:47',1,0),
('1720230823144602',17,'120230808133318',NULL,'2023-08-23 14:46:02',1,0),
('1720230823144722',17,'120230808133318',NULL,'2023-08-23 14:47:22',1,0),
('1720230823144739',17,'120230808133318',NULL,'2023-08-23 14:47:39',1,0),
('1720230823144754',17,'120230808133318',NULL,'2023-08-23 14:47:54',1,0),
('1720230823144759',17,'120230808133318',NULL,'2023-08-23 14:47:59',1,0),
('1720230823145113',17,'120230808133318',NULL,'2023-08-23 14:51:13',1,0),
('1720230823145116',17,'120230808133318',NULL,'2023-08-23 14:51:16',1,0),
('1720230823145127',17,'120230808133318',NULL,'2023-08-23 14:51:27',1,0),
('1720230823145135',17,'120230808133318',NULL,'2023-08-23 14:51:35',1,0),
('1720230823145545',17,'120230808133318',NULL,'2023-08-23 14:55:45',1,0),
('1720230823145558',17,'120230808133318',NULL,'2023-08-23 14:55:58',1,0),
('1720230823150002',17,'120230808133318',NULL,'2023-08-23 15:00:02',1,0),
('1720230823150007',17,'120230808133318',NULL,'2023-08-23 15:00:07',1,0),
('1720230823150129',17,'120230808133318',NULL,'2023-08-23 15:01:29',1,0),
('1720230823150133',17,'120230808133318',NULL,'2023-08-23 15:01:33',1,0),
('1720230823150343',17,'120230808133318',NULL,'2023-08-23 15:03:43',1,0),
('1720230823150346',17,'120230808133318',NULL,'2023-08-23 15:03:46',1,0),
('1720230823150428',17,'120230808133318',NULL,'2023-08-23 15:04:28',1,0),
('1720230823150600',17,'120230808133318',NULL,'2023-08-23 15:06:00',1,0),
('1720230823150857',17,'120230808133318',NULL,'2023-08-23 15:08:57',1,0),
('1720230823151308',17,'120230808133318',NULL,'2023-08-23 15:13:08',1,0),
('1720230823151439',17,'120230808133318',NULL,'2023-08-23 15:14:39',1,0),
('1720230823151611',17,'120230808133318',NULL,'2023-08-23 15:16:11',1,0),
('1720230823151616',17,'120230808133318',NULL,'2023-08-23 15:16:16',1,0),
('1720230823151745',17,'120230808133318',NULL,'2023-08-23 15:17:45',1,0),
('1720230823151749',17,'120230808133318',NULL,'2023-08-23 15:17:49',1,0),
('1720230823151827',17,'120230808133318',NULL,'2023-08-23 15:18:27',1,0),
('1720230823151831',17,'120230808133318',NULL,'2023-08-23 15:18:31',1,0),
('1720230823152137',17,'120230808133318',NULL,'2023-08-23 15:21:37',1,0),
('1720230823152204',17,'120230808133318',NULL,'2023-08-23 15:22:04',1,0),
('1720230823152325',17,'120230808133318',NULL,'2023-08-23 15:23:25',1,0),
('1720230823152350',17,'120230808133318',NULL,'2023-08-23 15:23:50',1,0),
('1720230823152426',17,'120230808133318',NULL,'2023-08-23 15:24:26',1,0),
('1720230823152436',17,'120230808133318',NULL,'2023-08-23 15:24:36',1,0),
('1720230823152836',17,'120230808133318',NULL,'2023-08-23 15:28:36',1,0),
('1720230823152840',17,'120230808133318',NULL,'2023-08-23 15:28:40',1,0),
('1720230823152845',17,'120230808133318',NULL,'2023-08-23 15:28:45',1,0),
('1720230823153645',17,'120230808133318',NULL,'2023-08-23 15:36:45',1,0),
('1720230823153719',17,'120230808133318',NULL,'2023-08-23 15:37:19',1,0),
('1720230823153723',17,'120230808133318',NULL,'2023-08-23 15:37:23',1,0),
('1720230823154441',17,'120230808133318',NULL,'2023-08-23 15:44:41',1,0),
('1720230823154446',17,'120230808133318',NULL,'2023-08-23 15:44:46',1,0),
('1720230823154738',17,'120230808133318',NULL,'2023-08-23 15:47:38',1,0),
('1720230823154742',17,'120230808133318',NULL,'2023-08-23 15:47:42',1,0),
('1720230823154750',17,'120230808133318',NULL,'2023-08-23 15:47:50',1,0),
('1720230823154754',17,'120230808133318',NULL,'2023-08-23 15:47:54',1,0),
('1720230823154807',17,'120230808133318',NULL,'2023-08-23 15:48:07',1,0),
('1720230823154812',17,'120230808133318',NULL,'2023-08-23 15:48:12',1,0),
('1720230823154826',17,'120230808133318',NULL,'2023-08-23 15:48:26',1,0),
('1720230823154830',17,'120230808133318',NULL,'2023-08-23 15:48:30',1,0),
('1720230823154954',17,'120230808133318',NULL,'2023-08-23 15:49:54',1,0),
('1720230823155006',17,'120230808133318',NULL,'2023-08-23 15:50:06',1,0),
('1720230823155010',17,'120230808133318',NULL,'2023-08-23 15:50:10',1,0),
('1720230823160041',17,'120230808133318',NULL,'2023-08-23 16:00:41',1,0),
('1720230823160101',17,'120230808133318',NULL,'2023-08-23 16:01:01',1,0),
('1720230823161353',17,'120230808133318',NULL,'2023-08-23 16:13:53',1,0),
('1720230823161356',17,'120230808133318',NULL,'2023-08-23 16:13:56',1,0),
('1720230823163359',17,'120230808133318',NULL,'2023-08-23 16:33:59',1,0),
('1720230823163405',17,'120230808133318',NULL,'2023-08-23 16:34:05',1,0),
('1720230823163515',17,'120230808133318',NULL,'2023-08-23 16:35:15',1,0),
('1720230823163523',17,'120230808133318',NULL,'2023-08-23 16:35:23',1,0),
('1720230823164019',17,'120230808133318',NULL,'2023-08-23 16:40:19',1,0),
('1720230823164958',17,'120230808133318',NULL,'2023-08-23 16:49:58',1,0),
('1720230823165120',17,'120230808133318',NULL,'2023-08-23 16:51:20',1,0),
('1720230823165312',17,'120230808133318',NULL,'2023-08-23 16:53:12',1,0),
('1720230823165350',17,'120230808133318',NULL,'2023-08-23 16:53:50',1,0),
('1720230823165357',17,'120230808133318',NULL,'2023-08-23 16:53:57',1,0),
('1720230823165421',17,'120230808133318',NULL,'2023-08-23 16:54:21',1,0),
('1720230823165424',17,'120230808133318',NULL,'2023-08-23 16:54:24',1,0),
('1720230823165524',17,'120230808133318',NULL,'2023-08-23 16:55:24',1,0),
('1720230823165528',17,'120230808133318',NULL,'2023-08-23 16:55:28',1,0),
('1720230823165607',17,'120230808133318',NULL,'2023-08-23 16:56:07',1,0),
('1720230823165610',17,'120230808133318',NULL,'2023-08-23 16:56:10',1,0),
('1720230824144725',17,'120230808133318',NULL,'2023-08-24 14:47:25',1,0),
('1720230824144735',17,'120230808133318',NULL,'2023-08-24 14:47:35',1,0),
('1720230824144739',17,'120230808133318',NULL,'2023-08-24 14:47:39',1,0),
('1720230824144945',17,'120230808133318',NULL,'2023-08-24 14:49:45',1,0),
('1720230824144948',17,'120230808133318',NULL,'2023-08-24 14:49:48',1,0),
('1720230824145032',17,'120230808133318',NULL,'2023-08-24 14:50:32',1,0),
('1720230824145100',17,'120230808133318',NULL,'2023-08-24 14:51:00',1,0),
('1720230824145331',17,'120230808133318',NULL,'2023-08-24 14:53:31',1,0),
('1720230824145355',17,'120230808133318',NULL,'2023-08-24 14:53:55',1,0),
('1720230824145438',17,'120230808133318',NULL,'2023-08-24 14:54:38',1,0),
('1720230824145833',17,'120230808133318',NULL,'2023-08-24 14:58:33',1,0),
('1720230824145855',17,'120230808133318',NULL,'2023-08-24 14:58:55',1,0),
('1720230824145859',17,'120230808133318',NULL,'2023-08-24 14:58:59',1,0),
('1720230824150633',17,'120230808133318',NULL,'2023-08-24 15:06:33',1,0),
('1720230824150636',17,'120230808133318',NULL,'2023-08-24 15:06:36',1,0),
('1720230824150706',17,'120230808133318',NULL,'2023-08-24 15:07:06',1,0),
('1720230824150710',17,'120230808133318',NULL,'2023-08-24 15:07:10',1,0),
('1720230824150814',17,'120230808133318',NULL,'2023-08-24 15:08:14',1,0),
('1720230824150818',17,'120230808133318',NULL,'2023-08-24 15:08:18',1,0),
('1720230824150829',17,'120230808133318',NULL,'2023-08-24 15:08:29',1,0),
('1720230824150832',17,'120230808133318',NULL,'2023-08-24 15:08:32',1,0),
('1720230824150852',17,'120230808133318',NULL,'2023-08-24 15:08:52',1,0),
('1720230824150856',17,'120230808133318',NULL,'2023-08-24 15:08:56',1,0),
('1720230824151030',17,'120230808133318',NULL,'2023-08-24 15:10:30',1,0),
('1720230824151033',17,'120230808133318',NULL,'2023-08-24 15:10:33',1,0),
('1720230824151958',17,'120230808133318',NULL,'2023-08-24 15:19:58',1,0),
('1720230824152001',17,'120230808133318',NULL,'2023-08-24 15:20:01',1,0),
('1720230824152022',17,'120230808133318',NULL,'2023-08-24 15:20:22',1,0),
('1720230824152033',17,'120230808133318',NULL,'2023-08-24 15:20:33',1,0),
('1720230824152041',17,'120230808133318',NULL,'2023-08-24 15:20:41',1,0),
('1720230824152208',17,'120230808133318',NULL,'2023-08-24 15:22:08',1,0),
('1720230824152213',17,'120230808133318',NULL,'2023-08-24 15:22:13',1,0),
('1720230824152636',17,'120230808133318',NULL,'2023-08-24 15:26:36',1,0),
('1720230824152649',17,'120230808133352',NULL,'2023-08-24 15:26:49',1,0),
('1720230824152653',17,'120230808133318',NULL,'2023-08-24 15:26:53',1,0),
('1720230824152938',17,'120230808133318',NULL,'2023-08-24 15:29:38',1,0),
('1720230824153057',17,'120230808133318',NULL,'2023-08-24 15:30:57',1,0),
('1720230824154752',17,'120230808133318',NULL,'2023-08-24 15:47:52',1,0),
('1720230824154755',17,'120230808133318',NULL,'2023-08-24 15:47:55',1,0),
('1720230824154848',17,'120230808133318',NULL,'2023-08-24 15:48:48',1,0),
('1720230824154852',17,'120230808133318',NULL,'2023-08-24 15:48:52',1,0),
('1720230824155102',17,'120230808133318',NULL,'2023-08-24 15:51:02',1,0),
('1720230824155210',17,'120230808133318',NULL,'2023-08-24 15:52:10',1,0),
('1720230824155332',17,'120230808133318',NULL,'2023-08-24 15:53:32',1,0),
('1720230824155343',17,'120230808133318',NULL,'2023-08-24 15:53:43',1,0),
('1720230824155413',17,'120230808133318',NULL,'2023-08-24 15:54:13',1,0),
('1720230824155428',17,'120230808133318',NULL,'2023-08-24 15:54:28',1,0),
('1720230824155500',17,'120230808133318',NULL,'2023-08-24 15:55:00',1,0),
('1720230824155525',17,'120230808133318',NULL,'2023-08-24 15:55:25',1,0),
('1720230824155531',17,'120230808133318',NULL,'2023-08-24 15:55:31',1,0),
('1720230824155711',17,'120230808133352',NULL,'2023-08-24 15:57:11',1,0),
('1720230824155919',17,'120230808133318',NULL,'2023-08-24 15:59:19',1,0),
('1720230824155958',17,'120230808133318',NULL,'2023-08-24 15:59:58',1,0),
('1720230824160009',17,'120230808133318',NULL,'2023-08-24 16:00:09',1,0),
('1720230824160021',17,'120230808133318',NULL,'2023-08-24 16:00:21',1,0),
('1720230824161127',17,'120230808133318',NULL,'2023-08-24 16:11:27',1,0),
('1720230824161226',17,'120230808133318',NULL,'2023-08-24 16:12:26',1,0),
('1720230824162523',17,'120230808133318',NULL,'2023-08-24 16:25:23',1,0),
('1720230824162534',17,'120230808133318',NULL,'2023-08-24 16:25:34',1,0),
('1720230824162606',17,'120230808133318',NULL,'2023-08-24 16:26:06',1,0),
('1720230824162802',17,'120230808133318',NULL,'2023-08-24 16:28:02',1,0),
('1720230824162807',17,'120230808133318',NULL,'2023-08-24 16:28:07',1,0),
('1720230824162831',17,'120230808133318',NULL,'2023-08-24 16:28:31',1,0),
('1720230824162946',17,'120230808133318',NULL,'2023-08-24 16:29:46',1,0),
('1720230824163151',17,'120230808133318',NULL,'2023-08-24 16:31:51',1,0),
('1720230824163213',17,'120230808133318',NULL,'2023-08-24 16:32:13',1,0),
('1720230824163505',17,'120230808133318',NULL,'2023-08-24 16:35:05',1,0),
('1720230824163507',17,'120230808133318',NULL,'2023-08-24 16:35:07',1,0),
('1720230824163536',17,'120230808133318',NULL,'2023-08-24 16:35:36',1,0),
('1720230824163539',17,'120230808133318',NULL,'2023-08-24 16:35:39',1,0),
('1720230824163608',17,'120230808133318',NULL,'2023-08-24 16:36:08',1,0),
('1720230824163620',17,'120230808133318',NULL,'2023-08-24 16:36:20',1,0),
('1720230824163818',17,'120230808133318',NULL,'2023-08-24 16:38:18',1,0),
('1720230824164956',17,'120230808133318',NULL,'2023-08-24 16:49:56',1,0),
('1720230824215915',17,'120230808133318',NULL,'2023-08-24 21:59:15',1,0),
('1720230824215918',17,'120230808133318',NULL,'2023-08-24 21:59:18',1,0),
('1720230824220105',17,'120230808133318',NULL,'2023-08-24 22:01:05',1,0),
('1720230824220109',17,'120230808133318',NULL,'2023-08-24 22:01:09',1,0),
('1720230824220658',17,'120230808133318',NULL,'2023-08-24 22:06:58',1,0),
('1720230824220701',17,'120230808133318',NULL,'2023-08-24 22:07:01',1,0),
('1720230825204601',17,'120230808133318',NULL,'2023-08-25 20:46:01',1,0),
('1720230825204800',17,'120230808133318',NULL,'2023-08-25 20:48:00',1,0),
('1720230825204803',17,'120230808133318',NULL,'2023-08-25 20:48:03',1,0),
('1720230825204806',17,'120230808133318',NULL,'2023-08-25 20:48:06',1,0),
('1720230825204931',17,'120230808133318',NULL,'2023-08-25 20:49:31',1,0),
('1720230825204934',17,'120230808133318',NULL,'2023-08-25 20:49:34',1,0),
('1720230825205131',17,'120230808133318',NULL,'2023-08-25 20:51:31',1,0),
('1720230825205147',17,'120230808133318',NULL,'2023-08-25 20:51:47',1,0),
('1720230825205321',17,'120230808133318',NULL,'2023-08-25 20:53:21',1,0),
('1720230825205356',17,'120230808133318',NULL,'2023-08-25 20:53:56',1,0),
('1720230825205500',17,'120230808133318',NULL,'2023-08-25 20:55:00',1,0),
('1720230825205509',17,'120230808133318',NULL,'2023-08-25 20:55:09',1,0),
('1720230825205716',17,'120230808133318',NULL,'2023-08-25 20:57:16',1,0),
('1720230825205758',17,'120230808133318',NULL,'2023-08-25 20:57:58',1,0),
('1720230825205856',17,'120230808133318',NULL,'2023-08-25 20:58:56',1,0),
('1720230825205901',17,'120230808133318',NULL,'2023-08-25 20:59:01',1,0),
('1720230825210010',17,'120230808133318',NULL,'2023-08-25 21:00:10',1,0),
('1720230825210014',17,'120230808133318',NULL,'2023-08-25 21:00:14',1,0),
('1720230825210115',17,'120230808133318',NULL,'2023-08-25 21:01:15',1,0),
('1720230825210330',17,'120230808133318',NULL,'2023-08-25 21:03:30',1,0),
('1720230825210356',17,'120230808133318',NULL,'2023-08-25 21:03:56',1,0),
('1720230825210359',17,'120230808133318',NULL,'2023-08-25 21:03:59',1,0),
('1720230825210420',17,'120230808133318',NULL,'2023-08-25 21:04:20',1,0),
('1720230825210423',17,'120230808133318',NULL,'2023-08-25 21:04:23',1,0),
('1720230825210538',17,'120230808133318',NULL,'2023-08-25 21:05:38',1,0),
('1720230825210542',17,'120230808133318',NULL,'2023-08-25 21:05:42',1,0),
('1720230825210551',17,'120230808133318',NULL,'2023-08-25 21:05:51',1,0),
('1720230825210555',17,'120230808133318',NULL,'2023-08-25 21:05:55',1,0),
('1720230825210701',17,'120230808133318',NULL,'2023-08-25 21:07:01',1,0),
('1720230825211031',17,'120230808133318',NULL,'2023-08-25 21:10:31',1,0),
('1720230825211035',17,'120230808133318',NULL,'2023-08-25 21:10:35',1,0),
('1720230827173324',17,'120230808133318',NULL,'2023-08-27 17:33:24',1,0),
('1720230827173646',17,'120230808133318',NULL,'2023-08-27 17:36:46',1,0),
('1720230828113610',17,'120230808133318',NULL,'2023-08-28 11:36:10',1,0),
('1720230828114226',17,'120230808133318',NULL,'2023-08-28 11:42:26',1,0),
('1720230901203325',17,'120230808133318',NULL,'2023-09-01 20:33:25',1,0),
('1720230901203432',17,'120230808133318',NULL,'2023-09-01 20:34:32',1,0),
('1720230902152629',17,'120230808133318',NULL,'2023-09-02 15:26:29',1,0),
('1720230902165547',17,NULL,'120230813111410','2023-09-02 16:55:47',0,1),
('1720230902165555',17,NULL,'120230813111410','2023-09-02 16:55:55',0,1),
('1720230902165613',17,NULL,'120230813111410','2023-09-02 16:56:13',0,1),
('1720230902165620',17,NULL,'120230813111410','2023-09-02 16:56:20',0,1),
('1720230902170110',17,NULL,'120230813111410','2023-09-02 17:01:10',0,1),
('1720230902170120',17,NULL,'120230813111410','2023-09-02 17:01:20',0,1),
('1720230902170224',17,NULL,'120230813111410','2023-09-02 17:02:24',0,1),
('1720230902170234',17,NULL,'120230813111410','2023-09-02 17:02:34',0,1),
('1720230902170241',17,NULL,'120230813111410','2023-09-02 17:02:41',0,1),
('1720230902170303',17,NULL,'120230813111410','2023-09-02 17:03:03',0,1),
('1720230902170541',17,NULL,'120230813111410','2023-09-02 17:05:41',0,1),
('1720230902170932',17,NULL,'120230813111410','2023-09-02 17:09:32',0,1),
('1720230902170954',17,NULL,'120230813111410','2023-09-02 17:09:54',0,1),
('1720230902171004',17,NULL,'120230813111410','2023-09-02 17:10:04',0,1),
('1720230902171043',17,NULL,'120230813111410','2023-09-02 17:10:43',0,1),
('1720230902171057',17,NULL,'120230813111410','2023-09-02 17:10:57',0,1),
('1720230902171547',17,NULL,'120230813111410','2023-09-02 17:15:47',0,1),
('1720230902171620',17,NULL,'120230813111410','2023-09-02 17:16:20',0,1),
('1720230902171729',17,NULL,'120230813111410','2023-09-02 17:17:29',0,1),
('1720230902171741',17,NULL,'120230813111410','2023-09-02 17:17:41',0,1),
('1720230902171954',17,NULL,'120230813111410','2023-09-02 17:19:54',0,1),
('1720230902172015',17,NULL,'120230813111410','2023-09-02 17:20:15',0,1),
('1720230902172022',17,NULL,'120230813111410','2023-09-02 17:20:22',0,1),
('1720230902172154',17,NULL,'120230813111410','2023-09-02 17:21:54',0,1),
('1720230902172231',17,NULL,'120230813111410','2023-09-02 17:22:31',0,1),
('1720230902172415',17,NULL,'120230813111410','2023-09-02 17:24:15',0,1),
('1720230902172419',17,NULL,'120230813111410','2023-09-02 17:24:19',0,1),
('1720230902172527',17,NULL,'120230813111410','2023-09-02 17:25:27',0,1),
('1720230902172533',17,NULL,'120230813111410','2023-09-02 17:25:33',0,1),
('1720230902172743',17,NULL,'120230813111410','2023-09-02 17:27:43',0,1),
('1720230902172821',17,NULL,'120230813111410','2023-09-02 17:28:21',0,1),
('1720230902172839',17,NULL,'120230813111410','2023-09-02 17:28:39',0,1),
('1720230902172848',17,NULL,'120230813111410','2023-09-02 17:28:48',0,1),
('1720230902173221',17,NULL,'120230813111410','2023-09-02 17:32:21',0,1),
('1720230902173229',17,NULL,'120230813111410','2023-09-02 17:32:29',0,1),
('1720230902173256',17,NULL,'120230813111410','2023-09-02 17:32:56',0,1),
('1720230902173309',17,NULL,'120230813111410','2023-09-02 17:33:09',0,1),
('1720230902173555',17,NULL,'120230813111410','2023-09-02 17:35:55',0,1),
('1720230902173602',17,NULL,'120230813111410','2023-09-02 17:36:02',0,1),
('1720230902174022',17,NULL,'120230813111410','2023-09-02 17:40:22',0,1),
('1720230902174049',17,NULL,'120230813111410','2023-09-02 17:40:49',0,1),
('1720230902174205',17,NULL,'120230813111410','2023-09-02 17:42:05',0,1),
('1720230902174244',17,NULL,'120230813111410','2023-09-02 17:42:44',0,1),
('1720230905152941',17,'120230808133318',NULL,'2023-09-05 15:29:41',1,0),
('1720230905153022',17,'120230808133318',NULL,'2023-09-05 15:30:22',1,0),
('1720230905153155',17,'120230808133318',NULL,'2023-09-05 15:31:55',1,0),
('1720230905153202',17,'120230808133318',NULL,'2023-09-05 15:32:02',1,0),
('1720230905153222',17,'120230808133318',NULL,'2023-09-05 15:32:22',1,0),
('1720230905153226',17,'120230808133318',NULL,'2023-09-05 15:32:26',1,0),
('1720230905155014',17,NULL,'120230813111410','2023-09-05 15:50:14',0,1),
('1720230905155235',17,NULL,'120230813111410','2023-09-05 15:52:35',0,1),
('1720230905155241',17,NULL,'120230813111410','2023-09-05 15:52:41',0,1),
('1720230905155244',17,NULL,'120230813111410','2023-09-05 15:52:44',0,1),
('1720230905155246',17,NULL,'120230813111410','2023-09-05 15:52:46',0,1),
('1720230905155249',17,NULL,'120230813111410','2023-09-05 15:52:49',0,1),
('1720230905155257',17,NULL,'120230813111410','2023-09-05 15:52:57',0,1),
('1720230905155316',17,NULL,'120230813111410','2023-09-05 15:53:16',0,1),
('1720230905155330',17,NULL,'120230813111410','2023-09-05 15:53:30',0,1),
('1720230905155412',17,NULL,'120230813111410','2023-09-05 15:54:12',0,1),
('1720230905155416',17,NULL,'120230813111410','2023-09-05 15:54:16',0,1),
('1720230905155525',17,NULL,'120230813111410','2023-09-05 15:55:25',0,1),
('1720230905160105',17,NULL,'120230813111410','2023-09-05 16:01:05',0,1),
('1720230905160116',17,NULL,'120230813111410','2023-09-05 16:01:16',0,1),
('1720230905160129',17,NULL,'120230813111410','2023-09-05 16:01:29',0,1),
('1720230905160134',17,NULL,'120230813111410','2023-09-05 16:01:34',0,1),
('1720230905160451',17,NULL,'120230813111410','2023-09-05 16:04:51',0,1),
('1720230905160503',17,NULL,'120230813111410','2023-09-05 16:05:03',0,1),
('1720230905160622',17,NULL,'120230813111410','2023-09-05 16:06:22',0,1),
('1720230905160740',17,NULL,'120230813111410','2023-09-05 16:07:40',0,1),
('1720230905160744',17,NULL,'120230813111410','2023-09-05 16:07:44',0,1),
('1720230905160751',17,NULL,'120230813111410','2023-09-05 16:07:51',0,1),
('1720230905160754',17,NULL,'120230813111410','2023-09-05 16:07:54',0,1),
('1720230905160850',17,NULL,'120230813111410','2023-09-05 16:08:50',0,1),
('1720230905160853',17,'120230808133318',NULL,'2023-09-05 16:08:53',1,0),
('1720230905160855',17,NULL,'120230813111410','2023-09-05 16:08:55',0,1),
('1720230905160910',17,NULL,'120230813111616','2023-09-05 16:09:10',0,1),
('1720230905161002',17,NULL,'120230813111410','2023-09-05 16:10:02',0,1),
('1720230905161012',17,NULL,'120230813111616','2023-09-05 16:10:12',0,1),
('1720230905161053',17,NULL,'120230813111410','2023-09-05 16:10:53',0,1),
('1720230905161655',17,NULL,'120230814180056','2023-09-05 16:16:55',0,1),
('1720230905161703',17,NULL,'120230813111410','2023-09-05 16:17:03',0,1),
('1720230905161804',17,NULL,'120230813111410','2023-09-05 16:18:04',0,1),
('1720230905161807',17,NULL,'120230813111410','2023-09-05 16:18:07',0,1),
('1720230905161826',17,NULL,'120230813111410','2023-09-05 16:18:26',0,1),
('1720230905161835',17,NULL,'120230814180056','2023-09-05 16:18:35',0,1),
('1720230905161845',17,NULL,'120230814180056','2023-09-05 16:18:45',0,1),
('1720230905161920',17,NULL,'120230814180056','2023-09-05 16:19:20',0,1),
('1720230905161924',17,NULL,'120230813111410','2023-09-05 16:19:24',0,1),
('1720230905161930',17,NULL,'120230814180056','2023-09-05 16:19:30',0,1),
('1720230905161936',17,NULL,'120230813111410','2023-09-05 16:19:36',0,1),
('1720230905162001',17,NULL,'120230813111410','2023-09-05 16:20:01',0,1),
('1720230905162006',17,NULL,'120230813111410','2023-09-05 16:20:06',0,1),
('1720230905162009',17,NULL,'120230814180056','2023-09-05 16:20:09',0,1),
('1720230905162011',17,NULL,'120230813111410','2023-09-05 16:20:11',0,1),
('1720230905162021',17,NULL,'120230813111410','2023-09-05 16:20:21',0,1),
('1720230905162025',17,NULL,'120230813111410','2023-09-05 16:20:25',0,1),
('1720230905162028',17,NULL,'120230813111410','2023-09-05 16:20:28',0,1),
('1720230905162106',17,NULL,'120230813111410','2023-09-05 16:21:06',0,1),
('1720230905162110',17,NULL,'120230813111410','2023-09-05 16:21:10',0,1),
('1720230905162226',17,NULL,'120230813111410','2023-09-05 16:22:26',0,1),
('1720230905162235',17,NULL,'120230813111410','2023-09-05 16:22:35',0,1),
('1720230905162245',17,NULL,'120230813111410','2023-09-05 16:22:45',0,1),
('1720230905162250',17,NULL,'120230813111410','2023-09-05 16:22:50',0,1),
('1720230905162326',17,NULL,'120230813111410','2023-09-05 16:23:26',0,1),
('1720230905162331',17,NULL,'120230813111410','2023-09-05 16:23:31',0,1),
('1720230905162415',17,NULL,'120230813111410','2023-09-05 16:24:15',0,1),
('1720230905162449',17,NULL,'120230813111410','2023-09-05 16:24:49',0,1),
('1720230905163252',17,NULL,'120230813111410','2023-09-05 16:32:52',0,1),
('1720230905163300',17,NULL,'120230813111410','2023-09-05 16:33:00',0,1),
('1720230905163318',17,NULL,'120230813111410','2023-09-05 16:33:18',0,1),
('1720230905163450',17,NULL,'120230813111410','2023-09-05 16:34:50',0,1),
('1720230905163500',17,NULL,'120230813111410','2023-09-05 16:35:00',0,1),
('1720230905163504',17,NULL,'120230813111410','2023-09-05 16:35:04',0,1),
('1720230905163601',17,NULL,'120230813111410','2023-09-05 16:36:01',0,1),
('1720230905163709',17,NULL,'120230813111410','2023-09-05 16:37:09',0,1),
('1720230905163711',17,NULL,'120230813111410','2023-09-05 16:37:11',0,1),
('1720230905163713',17,NULL,'120230813111410','2023-09-05 16:37:13',0,1),
('1720230905163717',17,NULL,'120230813111410','2023-09-05 16:37:17',0,1),
('1720230905163721',17,NULL,'120230813111410','2023-09-05 16:37:21',0,1),
('1720230905163828',17,NULL,'120230813111410','2023-09-05 16:38:28',0,1),
('1720230905163835',17,NULL,'120230813111410','2023-09-05 16:38:35',0,1),
('1720230905163850',17,NULL,'120230813111410','2023-09-05 16:38:50',0,1),
('1720230905163854',17,NULL,'120230813111410','2023-09-05 16:38:54',0,1),
('1720230905163901',17,NULL,'120230813111410','2023-09-05 16:39:01',0,1),
('1720230905163905',17,NULL,'120230813111410','2023-09-05 16:39:05',0,1),
('1720230905164340',17,NULL,'120230813111410','2023-09-05 16:43:40',0,1),
('1720230905165021',17,NULL,'120230813111410','2023-09-05 16:50:21',0,1),
('1720230905165022',17,NULL,'120230813111410','2023-09-05 16:50:22',0,1),
('1720230905165028',17,NULL,'120230813111410','2023-09-05 16:50:28',0,1),
('1720230905165234',17,NULL,'120230813111410','2023-09-05 16:52:34',0,1),
('1720230905165240',17,NULL,'120230813111410','2023-09-05 16:52:40',0,1),
('1720230905165306',17,NULL,'120230813111410','2023-09-05 16:53:06',0,1),
('1720230905165311',17,NULL,'120230813111410','2023-09-05 16:53:11',0,1),
('1720230905165332',17,NULL,'120230813111410','2023-09-05 16:53:32',0,1),
('1720230905165335',17,NULL,'120230813111410','2023-09-05 16:53:35',0,1),
('1720230905165503',17,NULL,'120230813134313','2023-09-05 16:55:03',0,1),
('1720230905165557',17,NULL,'120230813134313','2023-09-05 16:55:57',0,1),
('1720230905165609',17,NULL,'120230813111410','2023-09-05 16:56:09',0,1),
('1720230905165614',17,NULL,'120230814180056','2023-09-05 16:56:14',0,1),
('1720230905165842',17,NULL,'120230814180056','2023-09-05 16:58:42',0,1),
('1720230905165931',17,NULL,'120230813111410','2023-09-05 16:59:31',0,1),
('1720230905170009',17,NULL,'120230813111410','2023-09-05 17:00:09',0,1),
('1720230905170013',17,NULL,'120230813111410','2023-09-05 17:00:13',0,1),
('1720230905170216',17,NULL,'120230813111410','2023-09-05 17:02:16',0,1),
('1720230905170224',17,NULL,'120230813111410','2023-09-05 17:02:24',0,1),
('1720230905170228',17,NULL,'120230813111410','2023-09-05 17:02:28',0,1),
('1720230905170256',17,NULL,'120230813111410','2023-09-05 17:02:56',0,1),
('1720230905170300',17,NULL,'120230813111410','2023-09-05 17:03:00',0,1),
('1720230905170332',17,NULL,'120230813111410','2023-09-05 17:03:32',0,1),
('1720230905170336',17,NULL,'120230813111410','2023-09-05 17:03:36',0,1),
('1720230905170420',17,NULL,'120230813111410','2023-09-05 17:04:20',0,1),
('1720230905170432',17,NULL,'120230813111410','2023-09-05 17:04:32',0,1),
('1720230905170435',17,NULL,'120230813111410','2023-09-05 17:04:35',0,1),
('1720230905191529',17,NULL,'120230813111410','2023-09-05 19:15:29',0,1),
('1720230905191540',17,NULL,'120230813111410','2023-09-05 19:15:40',0,1),
('1720230905191547',17,'120230808133318',NULL,'2023-09-05 19:15:47',1,0),
('1720230905191550',17,NULL,'120230813111410','2023-09-05 19:15:50',0,1),
('1720230905191613',17,NULL,'120230814180056','2023-09-05 19:16:13',0,1),
('1720230905191915',17,NULL,'120230814180056','2023-09-05 19:19:15',0,1),
('1720230905193136',17,NULL,'120230814180056','2023-09-05 19:31:36',0,1),
('1720230905193401',17,NULL,'120230813111410','2023-09-05 19:34:01',0,1),
('1720230905193506',17,NULL,'120230813111410','2023-09-05 19:35:06',0,1),
('1720230905193551',17,NULL,'120230813111410','2023-09-05 19:35:51',0,1),
('1720230905193641',17,NULL,'120230813111410','2023-09-05 19:36:41',0,1),
('1720230905193644',17,NULL,'120230813111410','2023-09-05 19:36:44',0,1),
('1720230905193648',17,NULL,'120230813111410','2023-09-05 19:36:48',0,1),
('1720230905193734',17,NULL,'120230813111410','2023-09-05 19:37:34',0,1),
('1720230905193737',17,NULL,'120230813111410','2023-09-05 19:37:37',0,1),
('1720230905193750',17,NULL,'120230813111410','2023-09-05 19:37:50',0,1),
('1720230905193809',17,NULL,'120230813111410','2023-09-05 19:38:09',0,1),
('1720230905193813',17,NULL,'120230813111410','2023-09-05 19:38:13',0,1),
('1720230905193817',17,NULL,'120230813111410','2023-09-05 19:38:17',0,1),
('1720230905194319',17,NULL,'120230813111410','2023-09-05 19:43:19',0,1),
('1720230905194327',17,NULL,'120230813111410','2023-09-05 19:43:27',0,1),
('1720230905194425',17,NULL,'120230813111410','2023-09-05 19:44:25',0,1),
('1720230905194432',17,NULL,'120230813111410','2023-09-05 19:44:32',0,1),
('1720230905194437',17,NULL,'120230813111410','2023-09-05 19:44:37',0,1),
('1720230905195024',17,NULL,'120230813111410','2023-09-05 19:50:24',0,1),
('1720230905195033',17,NULL,'120230813111410','2023-09-05 19:50:33',0,1),
('1720230905195037',17,NULL,'120230813111410','2023-09-05 19:50:37',0,1),
('1720230905195054',17,NULL,'120230813111410','2023-09-05 19:50:54',0,1),
('1720230905195058',17,NULL,'120230813111410','2023-09-05 19:50:58',0,1),
('1720230905195110',17,NULL,'120230813111410','2023-09-05 19:51:10',0,1),
('1720230905195416',17,NULL,'120230813111410','2023-09-05 19:54:16',0,1),
('1720230905195423',17,NULL,'120230813111410','2023-09-05 19:54:23',0,1),
('1720230905195432',17,NULL,'120230813111410','2023-09-05 19:54:32',0,1),
('1720230905195444',17,NULL,'120230813111410','2023-09-05 19:54:44',0,1),
('1720230905195450',17,NULL,'120230813111410','2023-09-05 19:54:50',0,1),
('1720230905195611',17,NULL,'120230813111410','2023-09-05 19:56:11',0,1),
('1720230905195616',17,NULL,'120230813111410','2023-09-05 19:56:16',0,1),
('1720230905200006',17,NULL,'120230813111410','2023-09-05 20:00:06',0,1),
('1720230905200010',17,NULL,'120230813111410','2023-09-05 20:00:10',0,1),
('1720230905200219',17,NULL,'120230813111410','2023-09-05 20:02:19',0,1),
('1720230905200225',17,NULL,'120230813111410','2023-09-05 20:02:25',0,1),
('1720230905200849',17,NULL,'120230813111410','2023-09-05 20:08:49',0,1),
('1720230905200900',17,NULL,'120230813111410','2023-09-05 20:09:00',0,1),
('1720230905200908',17,NULL,'120230813111410','2023-09-05 20:09:08',0,1),
('1720230905200935',17,NULL,'120230813111410','2023-09-05 20:09:35',0,1),
('1720230905200940',17,NULL,'120230813111410','2023-09-05 20:09:40',0,1),
('1720230905201033',17,NULL,'120230813111410','2023-09-05 20:10:33',0,1),
('1720230905201043',17,NULL,'120230813111410','2023-09-05 20:10:43',0,1),
('1720230905201051',17,NULL,'120230813111410','2023-09-05 20:10:51',0,1),
('1720230905201055',17,NULL,'120230813111410','2023-09-05 20:10:55',0,1),
('1720230905211110',17,NULL,'120230813111410','2023-09-05 21:11:10',0,1),
('1720230905211113',17,'120230808133318',NULL,'2023-09-05 21:11:13',1,0),
('1720230905211116',17,NULL,'120230813111410','2023-09-05 21:11:16',0,1),
('1720230905211333',17,NULL,'120230813134313','2023-09-05 21:13:33',0,1),
('1720230905211512',17,NULL,'120230813134313','2023-09-05 21:15:12',0,1),
('1720230905211522',17,NULL,'120230813111410','2023-09-05 21:15:22',0,1),
('1720230905211624',17,NULL,'120230813111410','2023-09-05 21:16:24',0,1),
('1720230905211632',17,NULL,'120230813111410','2023-09-05 21:16:32',0,1),
('1720230905211640',17,NULL,'120230813111410','2023-09-05 21:16:40',0,1),
('1720230905211644',17,'120230808133318',NULL,'2023-09-05 21:16:44',1,0),
('1720230905211647',17,NULL,'120230813111410','2023-09-05 21:16:47',0,1),
('1720230905211657',17,NULL,'120230814180056','2023-09-05 21:16:57',0,1),
('1720230905211753',17,NULL,'120230813111410','2023-09-05 21:17:53',0,1),
('1720230905211839',17,NULL,'120230813111410','2023-09-05 21:18:39',0,1),
('1720230905211844',17,NULL,'120230813134313','2023-09-05 21:18:44',0,1),
('1720230905211916',17,NULL,'120230813134313','2023-09-05 21:19:16',0,1),
('1720230905211923',17,NULL,'120230813111410','2023-09-05 21:19:23',0,1),
('1720230905211944',17,NULL,'120230813111410','2023-09-05 21:19:44',0,1),
('1720230905211948',17,NULL,'120230813111410','2023-09-05 21:19:48',0,1),
('1720230905212006',17,NULL,'120230813111410','2023-09-05 21:20:06',0,1),
('1720230905212009',17,NULL,'120230813111410','2023-09-05 21:20:09',0,1),
('1720230905212137',17,NULL,'120230813111410','2023-09-05 21:21:37',0,1),
('1720230905212159',17,NULL,'120230813111410','2023-09-05 21:21:59',0,1),
('1720230905212249',17,NULL,'120230813111410','2023-09-05 21:22:49',0,1),
('1720230905212256',17,NULL,'120230813111410','2023-09-05 21:22:56',0,1),
('1720230905212312',17,NULL,'120230813111410','2023-09-05 21:23:12',0,1),
('1720230905212323',17,NULL,'120230813111410','2023-09-05 21:23:23',0,1),
('1720230905212339',17,NULL,'120230813111410','2023-09-05 21:23:39',0,1),
('1720230905212518',17,NULL,'120230813111410','2023-09-05 21:25:18',0,1),
('1720230905212525',17,NULL,'120230813111410','2023-09-05 21:25:25',0,1),
('1720230905212653',17,NULL,'120230813111410','2023-09-05 21:26:53',0,1),
('1720230905212658',17,NULL,'120230814180056','2023-09-05 21:26:58',0,1),
('1720230905212659',17,NULL,'120230813134313','2023-09-05 21:26:59',0,1),
('1720230905212844',17,NULL,'120230813134313','2023-09-05 21:28:44',0,1),
('1720230905212900',17,NULL,'120230813134313','2023-09-05 21:29:00',0,1),
('1720230905212905',17,NULL,'120230813111410','2023-09-05 21:29:05',0,1),
('1720230905212931',17,NULL,'120230813111410','2023-09-05 21:29:31',0,1),
('1720230905212935',17,NULL,'120230813111410','2023-09-05 21:29:35',0,1),
('1720230905213011',17,NULL,'120230813111410','2023-09-05 21:30:11',0,1),
('1720230905213053',17,NULL,'120230813111410','2023-09-05 21:30:53',0,1),
('1720230905213058',17,NULL,'120230813111410','2023-09-05 21:30:58',0,1),
('1720230905213130',17,NULL,'120230813111410','2023-09-05 21:31:30',0,1),
('1720230905213135',17,NULL,'120230813111410','2023-09-05 21:31:35',0,1),
('1720230905213153',17,NULL,'120230813111410','2023-09-05 21:31:53',0,1),
('1720230905213158',17,NULL,'120230813111410','2023-09-05 21:31:58',0,1),
('1720230905220554',17,NULL,'120230813111410','2023-09-05 22:05:54',0,1),
('1720230905220600',17,'120230808133318',NULL,'2023-09-05 22:06:00',1,0),
('1720230905220602',17,NULL,'120230813111410','2023-09-05 22:06:02',0,1),
('1720230905220711',17,NULL,'120230813111410','2023-09-05 22:07:11',0,1),
('1720230905220715',17,'120230808133318',NULL,'2023-09-05 22:07:15',1,0),
('1720230905220717',17,NULL,'120230813111410','2023-09-05 22:07:17',0,1),
('1720230905220919',17,NULL,'120230813111410','2023-09-05 22:09:19',0,1),
('1720230905220946',17,NULL,'120230813111410','2023-09-05 22:09:46',0,1),
('1720230905220952',17,NULL,'120230813111410','2023-09-05 22:09:52',0,1),
('1720230905221004',17,NULL,'120230813111410','2023-09-05 22:10:04',0,1),
('1720230905221016',17,NULL,'120230813111410','2023-09-05 22:10:16',0,1),
('1720230905221020',17,NULL,'120230813111410','2023-09-05 22:10:20',0,1),
('1720230905221423',17,NULL,'120230813111410','2023-09-05 22:14:23',0,1),
('1720230905221430',17,NULL,'120230813111410','2023-09-05 22:14:30',0,1),
('1720230905221446',17,NULL,'120230813111410','2023-09-05 22:14:46',0,1),
('1720230905221451',17,NULL,'120230813111410','2023-09-05 22:14:51',0,1),
('1720230905221552',17,NULL,'120230813111410','2023-09-05 22:15:52',0,1),
('1720230905221556',17,NULL,'120230813111410','2023-09-05 22:15:56',0,1),
('1720230905221628',17,NULL,'120230813111410','2023-09-05 22:16:28',0,1),
('1720230905221635',17,NULL,'120230813111410','2023-09-05 22:16:35',0,1),
('1720230905221714',17,NULL,'120230813111410','2023-09-05 22:17:14',0,1),
('1720230905221720',17,NULL,'120230813111410','2023-09-05 22:17:20',0,1),
('1720230905221730',17,NULL,'120230813111410','2023-09-05 22:17:30',0,1),
('1720230905221739',17,NULL,'120230813111410','2023-09-05 22:17:39',0,1),
('1720230905232024',17,'120230808133318',NULL,'2023-09-05 23:20:24',1,0),
('1720230905232029',17,NULL,'120230813111410','2023-09-05 23:20:29',0,1),
('1720230905232106',17,NULL,'120230813111410','2023-09-05 23:21:06',0,1),
('1720230905232145',17,NULL,'120230813111410','2023-09-05 23:21:45',0,1),
('1720230905232158',17,NULL,'120230813111410','2023-09-05 23:21:58',0,1),
('1720230905232229',17,NULL,'120230813111410','2023-09-05 23:22:29',0,1),
('1720230905232237',17,NULL,'120230813111410','2023-09-05 23:22:37',0,1),
('1720230905232243',17,NULL,'120230813111410','2023-09-05 23:22:43',0,1),
('1720230905232249',17,NULL,'120230813111410','2023-09-05 23:22:49',0,1),
('1720230905232253',17,NULL,'120230813111410','2023-09-05 23:22:53',0,1),
('1720230905232434',17,NULL,'120230813111410','2023-09-05 23:24:34',0,1),
('1720230905232437',17,NULL,'120230813111410','2023-09-05 23:24:37',0,1),
('1720230905232450',17,NULL,'120230813111410','2023-09-05 23:24:50',0,1),
('1720230905232535',17,NULL,'120230813111410','2023-09-05 23:25:35',0,1),
('1720230905232540',17,NULL,'120230813111410','2023-09-05 23:25:40',0,1),
('1720230905232833',17,NULL,'120230813111410','2023-09-05 23:28:33',0,1),
('1720230905232838',17,NULL,'120230813111410','2023-09-05 23:28:38',0,1),
('1720230905232928',17,NULL,'120230813111410','2023-09-05 23:29:28',0,1),
('1720230905233046',17,NULL,'120230813111410','2023-09-05 23:30:46',0,1),
('1720230905233051',17,NULL,'120230813111410','2023-09-05 23:30:51',0,1),
('1720230905233059',17,NULL,'120230813111410','2023-09-05 23:30:59',0,1),
('1720230905233101',17,NULL,'120230814180056','2023-09-05 23:31:01',0,1),
('1720230905233144',17,NULL,'120230813111410','2023-09-05 23:31:44',0,1),
('1720230905233252',17,NULL,'120230813111410','2023-09-05 23:32:52',0,1),
('1720230905233316',17,NULL,'120230813111410','2023-09-05 23:33:16',0,1),
('1720230905233332',17,NULL,'120230813111410','2023-09-05 23:33:32',0,1),
('1720230905233349',17,NULL,'120230813111410','2023-09-05 23:33:49',0,1),
('1720230905233355',17,NULL,'120230813111410','2023-09-05 23:33:55',0,1),
('1720230905233412',17,NULL,'120230813111410','2023-09-05 23:34:12',0,1),
('1720230905233415',17,NULL,'120230813111410','2023-09-05 23:34:15',0,1),
('1720230905233421',17,NULL,'120230814180056','2023-09-05 23:34:21',0,1),
('1720230905233430',17,NULL,'120230813111616','2023-09-05 23:34:30',0,1),
('1720230905233521',17,NULL,'120230813111616','2023-09-05 23:35:21',0,1),
('1720230905233526',17,NULL,'120230813111410','2023-09-05 23:35:26',0,1),
('1720230905233627',17,NULL,'120230813111410','2023-09-05 23:36:27',0,1),
('1720230905233633',17,NULL,'120230813111410','2023-09-05 23:36:33',0,1),
('1720230905233659',17,NULL,'120230813111410','2023-09-05 23:36:59',0,1),
('1720230905233833',17,NULL,'120230813111410','2023-09-05 23:38:33',0,1),
('1720230905233838',17,NULL,'120230813111410','2023-09-05 23:38:38',0,1),
('1720230905233908',17,NULL,'120230813111410','2023-09-05 23:39:08',0,1),
('1720230905233931',17,NULL,'120230813111410','2023-09-05 23:39:31',0,1),
('1720230905233950',17,NULL,'120230813111410','2023-09-05 23:39:50',0,1),
('1720230905234022',17,NULL,'120230813111410','2023-09-05 23:40:22',0,1),
('1720230905234028',17,NULL,'120230813111410','2023-09-05 23:40:28',0,1),
('1720230905234038',17,NULL,'120230813111410','2023-09-05 23:40:38',0,1),
('1720230905234043',17,NULL,'120230813111410','2023-09-05 23:40:43',0,1),
('1720230905234154',17,NULL,'120230813111410','2023-09-05 23:41:54',0,1),
('1720230905234158',17,'120230808133318',NULL,'2023-09-05 23:41:58',1,0),
('1720230905234201',17,NULL,'120230813111410','2023-09-05 23:42:01',0,1),
('1720230905234213',17,NULL,'120230813111410','2023-09-05 23:42:13',0,1),
('1720230905234217',17,NULL,'120230813111410','2023-09-05 23:42:17',0,1),
('1720230905234238',17,NULL,'120230813111410','2023-09-05 23:42:38',0,1),
('1720230905234242',17,NULL,'120230813111410','2023-09-05 23:42:42',0,1),
('1720230905234259',17,NULL,'120230813111410','2023-09-05 23:42:59',0,1),
('1720230905234304',17,NULL,'120230813111410','2023-09-05 23:43:04',0,1),
('1720230905234313',17,NULL,'120230814180056','2023-09-05 23:43:13',0,1),
('1720230905234415',17,NULL,'120230814180056','2023-09-05 23:44:15',0,1),
('1720230905234419',17,NULL,'120230813134313','2023-09-05 23:44:19',0,1),
('1720230905234856',17,NULL,'120230813134313','2023-09-05 23:48:56',0,1),
('1720230905234902',17,NULL,'120230813111410','2023-09-05 23:49:02',0,1),
('1720230905235045',17,NULL,'120230813111410','2023-09-05 23:50:45',0,1),
('1720230905235053',17,NULL,'120230813111410','2023-09-05 23:50:53',0,1),
('1720230905235101',17,NULL,'120230813111410','2023-09-05 23:51:01',0,1),
('1720230905235116',17,NULL,'120230813111410','2023-09-05 23:51:16',0,1),
('1720230905235123',17,NULL,'120230813111410','2023-09-05 23:51:23',0,1),
('1720230905235130',17,NULL,'120230813111410','2023-09-05 23:51:30',0,1),
('1720230905235134',17,NULL,'120230813111410','2023-09-05 23:51:34',0,1),
('1720230905235201',17,NULL,'120230813111410','2023-09-05 23:52:01',0,1),
('1720230905235204',17,NULL,'120230813111410','2023-09-05 23:52:04',0,1),
('1720230905235230',17,NULL,'120230813111410','2023-09-05 23:52:30',0,1),
('1720230905235247',17,NULL,'120230813111410','2023-09-05 23:52:47',0,1),
('1720230905235257',17,NULL,'120230813111410','2023-09-05 23:52:57',0,1),
('1720230905235313',17,NULL,'120230813111410','2023-09-05 23:53:13',0,1),
('1720230905235317',17,NULL,'120230813111410','2023-09-05 23:53:17',0,1),
('1720230905235343',17,NULL,'120230813111410','2023-09-05 23:53:43',0,1),
('1720230905235350',17,NULL,'120230813111410','2023-09-05 23:53:50',0,1),
('1720230905235354',17,NULL,'120230813111410','2023-09-05 23:53:54',0,1),
('1720230905235421',17,NULL,'120230813111410','2023-09-05 23:54:21',0,1),
('1720230905235438',17,NULL,'120230813111410','2023-09-05 23:54:38',0,1),
('1720230905235510',17,NULL,'120230813111410','2023-09-05 23:55:10',0,1),
('1720230905235523',17,NULL,'120230813111410','2023-09-05 23:55:23',0,1),
('1720230905235615',17,NULL,'120230813111410','2023-09-05 23:56:15',0,1),
('1720230905235626',17,NULL,'120230813111410','2023-09-05 23:56:26',0,1),
('1720230905235819',17,NULL,'120230813111410','2023-09-05 23:58:19',0,1),
('1720230905235824',17,NULL,'120230813111410','2023-09-05 23:58:24',0,1),
('1720230905235836',17,NULL,'120230813111410','2023-09-05 23:58:36',0,1),
('1720230905235908',17,NULL,'120230813111410','2023-09-05 23:59:08',0,1),
('1720230905235912',17,NULL,'120230813111410','2023-09-05 23:59:12',0,1),
('1720230906000100',17,NULL,'120230813111410','2023-09-06 00:01:00',0,1),
('1720230906000117',17,NULL,'120230813111410','2023-09-06 00:01:17',0,1),
('1720230906100515',17,NULL,'120230813111410','2023-09-06 10:05:15',0,1),
('1720230906100616',17,NULL,'120230813111410','2023-09-06 10:06:16',0,1),
('1720230906100622',17,NULL,'120230813111410','2023-09-06 10:06:22',0,1),
('1720230906100647',17,NULL,'120230813134313','2023-09-06 10:06:47',0,1),
('1720230906100741',17,NULL,'120230813134313','2023-09-06 10:07:41',0,1),
('1720230906100749',17,NULL,'120230813111410','2023-09-06 10:07:49',0,1),
('1720230906100847',17,NULL,'120230813134313','2023-09-06 10:08:47',0,1),
('1720230906100912',17,NULL,'120230813134313','2023-09-06 10:09:12',0,1),
('1720230906100916',17,NULL,'120230813111410','2023-09-06 10:09:16',0,1),
('1720230906101200',17,NULL,'120230813111410','2023-09-06 10:12:00',0,1),
('1720230906101207',17,NULL,'120230814180056','2023-09-06 10:12:07',0,1),
('1720230906101213',17,NULL,'120230813111616','2023-09-06 10:12:13',0,1),
('1720230906101317',17,NULL,'120230813111616','2023-09-06 10:13:17',0,1),
('1720230906101326',17,NULL,'120230813111616','2023-09-06 10:13:26',0,1),
('1720230906101329',17,NULL,'120230813111616','2023-09-06 10:13:29',0,1),
('1720230906101723',17,NULL,'120230813111410','2023-09-06 10:17:23',0,1),
('1720230906101741',17,NULL,'120230813111410','2023-09-06 10:17:41',0,1),
('1720230906101747',17,NULL,'120230813111410','2023-09-06 10:17:47',0,1),
('1720230906101826',17,NULL,'120230813111410','2023-09-06 10:18:26',0,1),
('1720230906101830',17,NULL,'120230813111410','2023-09-06 10:18:30',0,1),
('1720230906101834',17,NULL,'120230813111410','2023-09-06 10:18:34',0,1),
('1720230906101842',17,NULL,'120230813111410','2023-09-06 10:18:42',0,1),
('1720230906101847',17,NULL,'120230813111410','2023-09-06 10:18:47',0,1),
('1720230906101917',17,NULL,'120230813111410','2023-09-06 10:19:17',0,1),
('1720230906101921',17,NULL,'120230813111410','2023-09-06 10:19:21',0,1),
('1720230906102001',17,NULL,'120230813111410','2023-09-06 10:20:01',0,1),
('1720230906102006',17,NULL,'120230813111410','2023-09-06 10:20:06',0,1),
('1720230906102119',17,NULL,'120230813111410','2023-09-06 10:21:19',0,1),
('1720230906102124',17,NULL,'120230813111410','2023-09-06 10:21:24',0,1),
('1720230906102138',17,NULL,'120230813111410','2023-09-06 10:21:38',0,1),
('1720230906102142',17,NULL,'120230813111410','2023-09-06 10:21:42',0,1),
('1720230906102158',17,NULL,'120230813111410','2023-09-06 10:21:58',0,1),
('1720230906102203',17,NULL,'120230814180056','2023-09-06 10:22:03',0,1),
('1720230906193311',17,NULL,'120230813111410','2023-09-06 19:33:11',0,1),
('1720230906193333',17,NULL,'120230813111410','2023-09-06 19:33:33',0,1),
('1720230906194933',17,'120230808133318',NULL,'2023-09-06 19:49:33',1,0),
('1720230907195838',17,NULL,'120230813111410','2023-09-07 19:58:38',0,1),
('1720230907200023',17,NULL,'120230813111410','2023-09-07 20:00:23',0,1),
('1720230907200116',17,NULL,'120230813111410','2023-09-07 20:01:16',0,1),
('1720230907200138',17,NULL,'120230813111410','2023-09-07 20:01:38',0,1),
('1720230907200145',17,NULL,'120230813111410','2023-09-07 20:01:45',0,1),
('1720230907200510',17,NULL,'120230813111410','2023-09-07 20:05:10',0,1),
('1720230907201921',17,NULL,'120230813111410','2023-09-07 20:19:21',0,1),
('1720230907202025',17,NULL,'120230813111410','2023-09-07 20:20:25',0,1),
('1720230907210530',17,NULL,'120230813111410','2023-09-07 21:05:30',0,1),
('1720230907231719',17,NULL,'120230813111410','2023-09-07 23:17:19',0,1),
('1720230907231723',17,NULL,'120230813111410','2023-09-07 23:17:23',0,1),
('1720230907231906',17,NULL,'120230813111410','2023-09-07 23:19:06',0,1),
('1720230907231911',17,NULL,'120230813111410','2023-09-07 23:19:11',0,1),
('1720230907231919',17,NULL,'120230813111410','2023-09-07 23:19:19',0,1),
('1720230907232115',17,NULL,'120230813111410','2023-09-07 23:21:15',0,1),
('1720230907232357',17,NULL,'120230813111410','2023-09-07 23:23:57',0,1),
('1720230907232403',17,NULL,'120230813111410','2023-09-07 23:24:03',0,1),
('1720230907232431',17,NULL,'120230813111410','2023-09-07 23:24:31',0,1),
('1720230907232534',17,NULL,'120230813111410','2023-09-07 23:25:34',0,1),
('1720230907232802',17,NULL,'120230813111410','2023-09-07 23:28:02',0,1),
('1720230907233702',17,NULL,'120230813111410','2023-09-07 23:37:02',0,1),
('1720230907234054',17,'120230808133352',NULL,'2023-09-07 23:40:54',1,0),
('1720230907234126',17,NULL,'120230813111410','2023-09-07 23:41:26',0,1),
('1720230907234648',17,NULL,'120230813111410','2023-09-07 23:46:48',0,1),
('1720230908161554',17,NULL,'120230813111410','2023-09-08 16:15:54',0,1),
('1720230908161629',17,NULL,'120230813111410','2023-09-08 16:16:29',0,1),
('1720230908161717',17,NULL,'120230813111410','2023-09-08 16:17:17',0,1),
('1720230908163556',17,NULL,'120230813111410','2023-09-08 16:35:56',0,1),
('1720230908164520',17,NULL,'120230813111410','2023-09-08 16:45:20',0,1),
('1720230908164559',17,NULL,'120230813111410','2023-09-08 16:45:59',0,1),
('1720230908170425',17,NULL,'120230813111410','2023-09-08 17:04:25',0,1),
('1720230908170930',17,NULL,'120230813111410','2023-09-08 17:09:30',0,1),
('1720230908190018',17,NULL,'120230813111410','2023-09-08 19:00:18',0,1),
('1720230908190147',17,NULL,'120230813111410','2023-09-08 19:01:47',0,1),
('1720230908190255',17,NULL,'120230813111410','2023-09-08 19:02:55',0,1),
('1720230908190337',17,NULL,'120230813111410','2023-09-08 19:03:37',0,1),
('1720230908190522',17,NULL,'120230813111410','2023-09-08 19:05:22',0,1),
('1720230908190650',17,NULL,'120230813111410','2023-09-08 19:06:50',0,1),
('1720230908190716',17,NULL,'120230813111410','2023-09-08 19:07:16',0,1),
('1720230908190956',17,NULL,'120230813111410','2023-09-08 19:09:56',0,1),
('1720230908191136',17,NULL,'120230813111410','2023-09-08 19:11:36',0,1),
('1720230908191423',17,NULL,'120230813111410','2023-09-08 19:14:23',0,1),
('1720230908191641',17,NULL,'120230813111410','2023-09-08 19:16:41',0,1),
('1720230908191816',17,NULL,'120230813111410','2023-09-08 19:18:16',0,1),
('1720230908191859',17,NULL,'120230813111410','2023-09-08 19:18:59',0,1),
('1720230908192131',17,NULL,'120230813111410','2023-09-08 19:21:31',0,1),
('1720230908192608',17,NULL,'120230813111410','2023-09-08 19:26:08',0,1),
('1720230908192926',17,NULL,'120230813111410','2023-09-08 19:29:26',0,1),
('1720230908192952',17,NULL,'120230813111410','2023-09-08 19:29:52',0,1),
('1720230908193057',17,NULL,'120230813111410','2023-09-08 19:30:57',0,1),
('1720230908193203',17,NULL,'120230813111410','2023-09-08 19:32:03',0,1),
('1720230908193236',17,NULL,'120230813111410','2023-09-08 19:32:36',0,1),
('1720230908193304',17,NULL,'120230813111410','2023-09-08 19:33:04',0,1),
('1720230908193437',17,NULL,'120230813111410','2023-09-08 19:34:37',0,1),
('1720230908193733',17,NULL,'120230813111410','2023-09-08 19:37:33',0,1),
('1720230908194858',17,NULL,'120230813111410','2023-09-08 19:48:58',0,1),
('1720230908194916',17,NULL,'120230813111410','2023-09-08 19:49:16',0,1),
('1720230908194936',17,NULL,'120230813111410','2023-09-08 19:49:36',0,1),
('1720230908195003',17,NULL,'120230813111410','2023-09-08 19:50:03',0,1),
('1720230908195103',17,NULL,'120230813111410','2023-09-08 19:51:03',0,1),
('1720230908195144',17,NULL,'120230813111410','2023-09-08 19:51:44',0,1),
('1720230908195622',17,NULL,'120230813111410','2023-09-08 19:56:22',0,1),
('1720230908195628',17,NULL,'120230813111410','2023-09-08 19:56:28',0,1),
('1720230908195630',17,NULL,'120230813111410','2023-09-08 19:56:30',0,1),
('1720230908195637',17,NULL,'120230813111410','2023-09-08 19:56:37',0,1),
('1720230908195642',17,NULL,'120230813111410','2023-09-08 19:56:42',0,1),
('1720230908200146',17,NULL,'120230813111410','2023-09-08 20:01:46',0,1),
('1720230908200153',17,NULL,'120230813111410','2023-09-08 20:01:53',0,1),
('1720230908202213',17,NULL,'120230813111410','2023-09-08 20:22:13',0,1),
('1720230908202219',17,NULL,'120230813111410','2023-09-08 20:22:19',0,1),
('1720230908202224',17,NULL,'120230813111410','2023-09-08 20:22:24',0,1),
('1720230908202235',17,NULL,'120230813111410','2023-09-08 20:22:35',0,1),
('1720230908202334',17,NULL,'120230813111410','2023-09-08 20:23:34',0,1),
('1720230908202929',17,NULL,'120230813111410','2023-09-08 20:29:29',0,1),
('1720230908202950',17,NULL,'120230813111410','2023-09-08 20:29:50',0,1),
('1720230908203019',17,NULL,'120230813111410','2023-09-08 20:30:19',0,1),
('1720230908203045',17,NULL,'120230813111410','2023-09-08 20:30:45',0,1),
('1720230908203211',17,NULL,'120230813111410','2023-09-08 20:32:11',0,1),
('1720230908203313',17,NULL,'120230813111410','2023-09-08 20:33:13',0,1),
('1720230908203335',17,NULL,'120230813111410','2023-09-08 20:33:35',0,1),
('1720230908203503',17,NULL,'120230813111410','2023-09-08 20:35:03',0,1),
('1720230908203522',17,NULL,'120230813111410','2023-09-08 20:35:22',0,1),
('1720230908203707',17,NULL,'120230813111410','2023-09-08 20:37:07',0,1),
('1720230908203733',17,NULL,'120230813111410','2023-09-08 20:37:33',0,1),
('1720230908203851',17,NULL,'120230813111410','2023-09-08 20:38:51',0,1),
('1720230908203905',17,NULL,'120230813111410','2023-09-08 20:39:05',0,1),
('1720230908203948',17,NULL,'120230813111410','2023-09-08 20:39:48',0,1),
('1720230908204005',17,NULL,'120230813111410','2023-09-08 20:40:05',0,1),
('1720230908204034',17,NULL,'120230813111410','2023-09-08 20:40:34',0,1),
('1720230908204050',17,NULL,'120230813111410','2023-09-08 20:40:50',0,1),
('1720230908204203',17,NULL,'120230813111410','2023-09-08 20:42:03',0,1),
('1720230908204255',17,NULL,'120230813111410','2023-09-08 20:42:55',0,1),
('1720230908204444',17,NULL,'120230813111410','2023-09-08 20:44:44',0,1),
('1720230908204702',17,NULL,'120230813111410','2023-09-08 20:47:02',0,1),
('1720230908204751',17,NULL,'120230813111410','2023-09-08 20:47:51',0,1),
('1720230908204840',17,NULL,'120230813111410','2023-09-08 20:48:40',0,1),
('1720230908204925',17,NULL,'120230813111410','2023-09-08 20:49:25',0,1),
('1720230908204948',17,NULL,'120230813111410','2023-09-08 20:49:48',0,1),
('1720230908205026',17,NULL,'120230813111410','2023-09-08 20:50:26',0,1),
('1720230908205055',17,NULL,'120230813111410','2023-09-08 20:50:55',0,1),
('1720230908205303',17,NULL,'120230813111410','2023-09-08 20:53:03',0,1),
('1720230908205318',17,NULL,'120230813111410','2023-09-08 20:53:18',0,1),
('1720230908205349',17,NULL,'120230813111410','2023-09-08 20:53:49',0,1),
('1720230913211936',17,'120230808133318',NULL,'2023-09-13 21:19:36',1,0),
('1720230913211955',17,NULL,'120230813111410','2023-09-13 21:19:55',0,1),
('1720230914151729',17,'120230808133318',NULL,'2023-09-14 15:17:29',1,0),
('1720230914151746',17,NULL,'120230813111410','2023-09-14 15:17:46',0,1),
('1720230914151757',17,NULL,'120230813111410','2023-09-14 15:17:57',0,1),
('1720230915161140',17,'120230808133318',NULL,'2023-09-15 16:11:40',1,0),
('1720230915161329',17,'120230808133318',NULL,'2023-09-15 16:13:29',1,0),
('1720230915161622',17,'120230808133318',NULL,'2023-09-15 16:16:22',1,0),
('1720230915161739',17,'120230808133318',NULL,'2023-09-15 16:17:39',1,0),
('1720230915162036',17,'120230808133318',NULL,'2023-09-15 16:20:36',1,0),
('1720230915162050',17,'120230808133318',NULL,'2023-09-15 16:20:50',1,0),
('1720230915162229',17,'120230808133318',NULL,'2023-09-15 16:22:29',1,0),
('1720230915162239',17,'120230808133318',NULL,'2023-09-15 16:22:39',1,0),
('1720230915162328',17,'120230808133318',NULL,'2023-09-15 16:23:28',1,0),
('1720230915162846',17,'120230808133318',NULL,'2023-09-15 16:28:46',1,0),
('1720230915162937',17,'120230808133318',NULL,'2023-09-15 16:29:37',1,0),
('1720230915163015',17,'120230808133318',NULL,'2023-09-15 16:30:15',1,0),
('1720230915163022',17,'120230808133318',NULL,'2023-09-15 16:30:22',1,0),
('1720230915163319',17,'120230808133318',NULL,'2023-09-15 16:33:19',1,0),
('1720230915164418',17,'120230808133318',NULL,'2023-09-15 16:44:18',1,0),
('1720230915164646',17,'120230808133318',NULL,'2023-09-15 16:46:46',1,0),
('1720230915164709',17,'120230808133318',NULL,'2023-09-15 16:47:09',1,0),
('1720230915164727',17,'120230808133318',NULL,'2023-09-15 16:47:27',1,0),
('1720230915164734',17,'120230808133318',NULL,'2023-09-15 16:47:34',1,0),
('1720230915164811',17,'120230808133318',NULL,'2023-09-15 16:48:11',1,0),
('1720230917162720',17,'120230808133318',NULL,'2023-09-17 16:27:20',1,0),
('1720230917162747',17,'120230808133318',NULL,'2023-09-17 16:27:47',1,0),
('1720230917162819',17,'120230808133318',NULL,'2023-09-17 16:28:19',1,0),
('1720230917163727',17,'120230808133318',NULL,'2023-09-17 16:37:27',1,0),
('1720230917164447',17,'120230808133318',NULL,'2023-09-17 16:44:47',1,0),
('1720230917164630',17,'120230808133318',NULL,'2023-09-17 16:46:30',1,0),
('1720230918182544',17,'120230808133318',NULL,'2023-09-18 18:25:44',1,0),
('1720230919004816',17,'120230808133318',NULL,'2023-09-19 00:48:16',1,0),
('1720230919171429',17,'120230808133318',NULL,'2023-09-19 17:14:29',1,0),
('1720230919171440',17,'120230808133318',NULL,'2023-09-19 17:14:40',1,0),
('1720230919173318',17,'120230808133318',NULL,'2023-09-19 17:33:18',1,0),
('1720230919180956',17,'1720230901212002',NULL,'2023-09-19 18:09:56',1,0),
('1720230919180959',17,'1720230901211527',NULL,'2023-09-19 18:09:59',1,0),
('1720230919181002',17,'1720230827173109',NULL,'2023-09-19 18:10:02',1,0),
('1720230919181910',17,'120230808133352',NULL,'2023-09-19 18:19:10',1,0),
('2320230919205502',23,NULL,'120230813111410','2023-09-19 20:55:02',0,1),
('2320230919205940',23,NULL,'120230813111410','2023-09-19 20:59:40',0,1),
('2320230926190633',23,'2320230926190600',NULL,'2023-09-26 19:06:33',1,0),
('2320230926194558',23,'2320230926192134',NULL,'2023-09-26 19:45:58',1,0),
('2320230926195203',23,'2320230926192134',NULL,'2023-09-26 19:52:03',1,0),
('2320230926200514',23,'2320230926192134',NULL,'2023-09-26 20:05:14',1,0),
('2320230926200556',23,'2320230926192134',NULL,'2023-09-26 20:05:56',1,0),
('2820230927162510',28,'2820230927162428',NULL,'2023-09-27 16:25:10',1,0),
('2820230927170426',28,'120230808133318',NULL,'2023-09-27 17:04:26',1,0),
('2820230927171301',28,'120230808133318',NULL,'2023-09-27 17:13:01',1,0),
('2820230927171542',28,'120230808133318',NULL,'2023-09-27 17:15:42',1,0),
('2820230927171605',28,'120230808133318',NULL,'2023-09-27 17:16:05',1,0),
('2820230927171616',28,'120230808133318',NULL,'2023-09-27 17:16:16',1,0),
('2820230927171623',28,'120230808133318',NULL,'2023-09-27 17:16:23',1,0),
('2820230927171655',28,'120230808133318',NULL,'2023-09-27 17:16:55',1,0),
('2820230927171713',28,'120230808133318',NULL,'2023-09-27 17:17:13',1,0),
('2820230927171731',28,'120230808133318',NULL,'2023-09-27 17:17:31',1,0),
('2820230927171742',28,'120230808133318',NULL,'2023-09-27 17:17:42',1,0),
('2820230927171800',28,'120230808133318',NULL,'2023-09-27 17:18:00',1,0),
('2820230927171808',28,'120230808133318',NULL,'2023-09-27 17:18:08',1,0),
('2820230927171818',28,'120230808133318',NULL,'2023-09-27 17:18:18',1,0),
('2820230927171824',28,'120230808133318',NULL,'2023-09-27 17:18:24',1,0),
('2820230927171842',28,'120230808133318',NULL,'2023-09-27 17:18:42',1,0),
('2820230927172009',28,'120230808133318',NULL,'2023-09-27 17:20:09',1,0),
('2820230927172012',28,'120230808133318',NULL,'2023-09-27 17:20:12',1,0),
('2820230927172229',28,'120230808133318',NULL,'2023-09-27 17:22:29',1,0),
('2820230927172248',28,'120230808133318',NULL,'2023-09-27 17:22:48',1,0),
('2820230927172330',28,'120230808133318',NULL,'2023-09-27 17:23:30',1,0),
('2820230927172355',28,'120230808133318',NULL,'2023-09-27 17:23:55',1,0),
('2820230927172402',28,'120230808133318',NULL,'2023-09-27 17:24:02',1,0),
('2820230927172412',28,'120230808133318',NULL,'2023-09-27 17:24:12',1,0),
('2820230927172422',28,'120230808133318',NULL,'2023-09-27 17:24:22',1,0),
('2820230927172425',28,'120230808133318',NULL,'2023-09-27 17:24:25',1,0),
('2820230927172459',28,'120230808133318',NULL,'2023-09-27 17:24:59',1,0),
('2820230927172504',28,'120230808133318',NULL,'2023-09-27 17:25:04',1,0),
('2820230927172541',28,'120230808133318',NULL,'2023-09-27 17:25:41',1,0),
('2820230927172545',28,'120230808133318',NULL,'2023-09-27 17:25:45',1,0),
('2820230927172553',28,'120230808133318',NULL,'2023-09-27 17:25:53',1,0),
('2820230927172603',28,'120230808133318',NULL,'2023-09-27 17:26:03',1,0),
('2820230927172650',28,'120230808133318',NULL,'2023-09-27 17:26:50',1,0),
('2820230927172712',28,'120230808133318',NULL,'2023-09-27 17:27:12',1,0),
('2820230927172720',28,'120230808133318',NULL,'2023-09-27 17:27:20',1,0),
('2820230927172733',28,'120230808133318',NULL,'2023-09-27 17:27:33',1,0),
('2820230927172738',28,'120230808133318',NULL,'2023-09-27 17:27:38',1,0),
('2820230927172821',28,'120230808133318',NULL,'2023-09-27 17:28:21',1,0),
('2820230927172832',28,'120230808133318',NULL,'2023-09-27 17:28:32',1,0),
('2820230927172847',28,'120230808133318',NULL,'2023-09-27 17:28:47',1,0),
('2820230927172854',28,'120230808133318',NULL,'2023-09-27 17:28:54',1,0),
('2820230927172906',28,'120230808133318',NULL,'2023-09-27 17:29:06',1,0),
('2820230927173532',28,'120230808133318',NULL,'2023-09-27 17:35:32',1,0),
('2820230927174505',28,'120230808133318',NULL,'2023-09-27 17:45:05',1,0),
('2820230927174536',28,'120230808133318',NULL,'2023-09-27 17:45:36',1,0),
('2820230927174611',28,'120230808133318',NULL,'2023-09-27 17:46:11',1,0),
('2820230927174625',28,'120230808133318',NULL,'2023-09-27 17:46:25',1,0),
('2820230927174629',28,'120230808133318',NULL,'2023-09-27 17:46:29',1,0),
('2820230927174826',28,'120230808133318',NULL,'2023-09-27 17:48:26',1,0),
('2820230927174833',28,'120230808133318',NULL,'2023-09-27 17:48:33',1,0),
('2820230927174912',28,'120230808133318',NULL,'2023-09-27 17:49:12',1,0),
('2820230927174922',28,'120230808133318',NULL,'2023-09-27 17:49:22',1,0),
('2820230927174937',28,'120230808133318',NULL,'2023-09-27 17:49:37',1,0),
('2820230927175140',28,'120230808133318',NULL,'2023-09-27 17:51:40',1,0),
('2820230927175355',28,'120230808133318',NULL,'2023-09-27 17:53:55',1,0),
('2820230927175546',28,'120230808133318',NULL,'2023-09-27 17:55:46',1,0),
('2820230927175551',28,'120230808133318',NULL,'2023-09-27 17:55:51',1,0),
('2820230927175726',28,'120230808133318',NULL,'2023-09-27 17:57:26',1,0),
('2820230927200723',28,'120230808133318',NULL,'2023-09-27 20:07:23',1,0),
('2820230927212838',28,'120230808133318',NULL,'2023-09-27 21:28:38',1,0),
('2820231008231037',28,'120230808133318',NULL,'2023-10-08 23:10:37',1,0),
('2820231008231240',28,'120230808133318',NULL,'2023-10-08 23:12:40',1,0),
('2820231008231332',28,'120230808133318',NULL,'2023-10-08 23:13:32',1,0),
('2820231008231509',28,'120230808133318',NULL,'2023-10-08 23:15:09',1,0),
('2820231008231558',28,'120230808133318',NULL,'2023-10-08 23:15:58',1,0),
('2820231008231630',28,'120230808133318',NULL,'2023-10-08 23:16:30',1,0),
('2820231008231856',28,'120230926200120',NULL,'2023-10-08 23:18:56',1,0),
('2820231008232913',28,'120230808133318',NULL,'2023-10-08 23:29:13',1,0),
('2820231008233117',28,NULL,'120230813134313','2023-10-08 23:31:17',0,1);

/*Table structure for table `good` */

DROP TABLE IF EXISTS `good`;

CREATE TABLE `good` (
  `id` varchar(255) NOT NULL COMMENT '操作人id + 时间',
  `good_name` varchar(255) DEFAULT NULL COMMENT '商品名称',
  `good_description` text COMMENT '商品描述（名称和描述拼接成标题）',
  `good_price` decimal(10,2) DEFAULT NULL COMMENT '商品单价',
  `good_first_picture` varchar(255) DEFAULT NULL COMMENT '商品首图',
  `good_type` enum('种子','化肥','农具','化学药剂','生物药剂') CHARACTER SET utf8 COLLATE utf8_general_ci DEFAULT NULL COMMENT '商品类型',
  `operator_id` bigint DEFAULT NULL COMMENT '操作员id',
  `good_sales` int DEFAULT NULL COMMENT '商品销量',
  `create_time` datetime DEFAULT NULL COMMENT '上传时间',
  PRIMARY KEY (`id`)
) ENGINE=InnoDB DEFAULT CHARSET=utf8mb3;

/*Data for the table `good` */

insert  into `good`(`id`,`good_name`,`good_description`,`good_price`,`good_first_picture`,`good_type`,`operator_id`,`good_sales`,`create_time`) values 
('120230813111410','杀虫剂','100%杀死橘小实蝇护卫柑橘作物',499.99,'https://pic.imgdb.cn/item/64c626781ddac507cc836db6.png','化学药剂',1,1000,'2023-08-13 11:14:10'),
('120230813111616','杀虫剂','橘小实蝇杀死率高达99.90000%',999.99,'http://dummyimage.com/400x400','生物药剂',1,200,'2023-08-14 12:11:05'),
('120230813134313','除草剂','除掉野草好帮手',399.98,'https://pic.imgdb.cn/item/64c626781ddac507cc836db6.png','化学药剂',1,900,'2023-08-13 13:43:13'),
('120230814180056','除草剂','寸草不生888',33.00,'https://pic.imgdb.cn/item/64c626781ddac507cc836db6.png','化学药剂',1,0,'2023-08-14 18:00:56'),
('120230814180127','除草剂','寸草不生6666',33.00,'https://pic.imgdb.cn/item/64c626781ddac507cc836db6.png','化学药剂',1,0,'2023-08-14 18:01:27'),
('120230814180309','杀虫小助手','专门针对橘小实蝇精心研制',99.99,'http://dummyimage.com/400x400','生物药剂',1,0,'2023-09-14 14:35:49'),
('120230814180348','除草剂','寸草不生plus',599.00,'https://pic.imgdb.cn/item/64c626781ddac507cc836db6.png','化学药剂',1,0,'2023-08-14 18:03:48'),
('120230814180437','除草剂','Plus寸草不生',299.99,'https://pic.imgdb.cn/item/64c626781ddac507cc836db6.png','化学药剂',1,0,'2023-08-14 18:04:37'),
('120230814180824','除草剂','寸123草123不生',299.99,'https://pic.imgdb.cn/item/64c626781ddac507cc836db6.png','化学药剂',1,0,'2023-08-14 18:08:24'),
('120230814213358','除草剂','寸草不生54645',299.99,'https://pic.imgdb.cn/item/64c626781ddac507cc836db6.png','化学药剂',1,0,'2023-08-14 21:33:58'),
('120230914143342','高效化肥','春风吹又生！',699.99,'https://pic.imgdb.cn/item/64c626781ddac507cc836db6.png','化学药剂',1,0,'2023-09-14 14:33:42');

/*Table structure for table `good_collect` */

DROP TABLE IF EXISTS `good_collect`;

CREATE TABLE `good_collect` (
  `id` varchar(255) NOT NULL COMMENT '主键（操作员id + 商品id）',
  `user_id` bigint DEFAULT NULL COMMENT '用户id',
  `good_id` varchar(255) DEFAULT NULL COMMENT '商品id',
  `deleted` tinyint DEFAULT NULL COMMENT '逻辑删除(1：已删除；0：未删除)',
  `collect_time` datetime DEFAULT NULL COMMENT '收藏时间',
  PRIMARY KEY (`id`)
) ENGINE=InnoDB DEFAULT CHARSET=utf8mb3;

/*Data for the table `good_collect` */

insert  into `good_collect`(`id`,`user_id`,`good_id`,`deleted`,`collect_time`) values 
('1120230813111616',1,'120230813111616',0,'2023-08-14 15:12:37'),
('1120230813134313',1,'120230813134313',1,'2023-08-14 15:12:56'),
('17120230813111410',17,'120230813111410',1,'2023-09-02 17:17:31'),
('28120230813134313',28,'120230813134313',0,'2023-10-08 23:31:22');

/*Table structure for table `good_image` */

DROP TABLE IF EXISTS `good_image`;

CREATE TABLE `good_image` (
  `id` varchar(255) CHARACTER SET utf8 COLLATE utf8_general_ci NOT NULL COMMENT '主键（商品id + index）',
  `good_id` varchar(255) CHARACTER SET utf8 COLLATE utf8_general_ci DEFAULT NULL COMMENT '商品id',
  `good_picture` varchar(255) CHARACTER SET utf8 COLLATE utf8_general_ci DEFAULT NULL COMMENT '商品图片url',
  PRIMARY KEY (`id`)
) ENGINE=InnoDB DEFAULT CHARSET=utf8mb3;

/*Data for the table `good_image` */

insert  into `good_image`(`id`,`good_id`,`good_picture`) values 
('1202308131114100','120230813111410','https://pic.imgdb.cn/item/64c626781ddac507cc836db6.png'),
('1202308131114101','120230813111410','https://pic.imgdb.cn/item/64c626a11ddac507cc8414b1.png'),
('1202308131116160','120230813111616','http://dummyimage.com/400x400'),
('1202308131116161','120230813111616','http://dummyimage.com/400x400'),
('1202308131343130','120230813134313','https://pic.imgdb.cn/item/64c626781ddac507cc836db6.png'),
('1202308131343131','120230813134313','https://pic.imgdb.cn/item/64c626a11ddac507cc8414b1.png'),
('1202308141800560','120230814180056','https://pic.imgdb.cn/item/64c626781ddac507cc836db6.png'),
('1202308141800561','120230814180056','https://pic.imgdb.cn/item/64c626a11ddac507cc8414b1.png'),
('1202308141801270','120230814180127','https://pic.imgdb.cn/item/64c626781ddac507cc836db6.png'),
('1202308141801271','120230814180127','https://pic.imgdb.cn/item/64c626a11ddac507cc8414b1.png'),
('1202308141803090','120230814180309','http://dummyimage.com/400x400'),
('1202308141803091','120230814180309','http://dummyimage.com/400x400'),
('1202308141803480','120230814180348','https://pic.imgdb.cn/item/64c626781ddac507cc836db6.png'),
('1202308141803481','120230814180348','https://pic.imgdb.cn/item/64c626a11ddac507cc8414b1.png'),
('1202308141804370','120230814180437','https://pic.imgdb.cn/item/64c626781ddac507cc836db6.png'),
('1202308141804371','120230814180437','https://pic.imgdb.cn/item/64c626a11ddac507cc8414b1.png'),
('1202308141808240','120230814180824','https://pic.imgdb.cn/item/64c626781ddac507cc836db6.png'),
('1202308141808241','120230814180824','https://pic.imgdb.cn/item/64c626a11ddac507cc8414b1.png'),
('1202308142133580','120230814213358','https://pic.imgdb.cn/item/64c626781ddac507cc836db6.png'),
('1202308142133581','120230814213358','https://pic.imgdb.cn/item/64c626a11ddac507cc8414b1.png'),
('1202309141433420','120230914143342','https://pic.imgdb.cn/item/64c626781ddac507cc836db6.png'),
('1202309141433421','120230914143342','https://pic.imgdb.cn/item/64c626a11ddac507cc8414b1.png'),
('1202309141433422','120230914143342','https://pic.imgdb.cn/item/64c626a11ddac507cc8414b1.png'),
('1202309141433423','120230914143342','https://pic.imgdb.cn/item/64c626a11ddac507cc8414b1.png');

/*Table structure for table `inform` */

DROP TABLE IF EXISTS `inform`;

CREATE TABLE `inform` (
  `id` varchar(255) NOT NULL COMMENT '主键（发送者id + 时间 + 接收者id）',
  `from_id` bigint DEFAULT NULL COMMENT '发送者 id',
  `to_id` bigint DEFAULT NULL COMMENT '接收者 id',
  `object_id` varchar(255) DEFAULT NULL COMMENT '对象 id(帖子id或商品id)',
  `sub_object_id` varchar(255) DEFAULT NULL COMMENT '子对象 id(评论id或评价id)',
  `first_image` varchar(255) DEFAULT NULL COMMENT '首图',
  `content` varchar(255) DEFAULT NULL COMMENT '消息内容',
  `read` tinyint(1) DEFAULT '0' COMMENT '是否已读（1已读 0未读）',
  `inform_time` datetime DEFAULT NULL COMMENT '通知时间',
  PRIMARY KEY (`id`)
) ENGINE=InnoDB DEFAULT CHARSET=utf8mb3;

/*Data for the table `inform` */

insert  into `inform`(`id`,`from_id`,`to_id`,`object_id`,`sub_object_id`,`first_image`,`content`,`read`,`inform_time`) values 
('1',2,1,'378378','783','rthrthrth','12375很头疼会让人会让他会突然很好听人',0,'2023-08-05 19:59:05'),
('17202309132119391',17,1,'120230808133318',NULL,'https://pic.imgdb.cn/item/64c626781ddac507cc836db6.png','收藏了你的帖子',0,'2023-09-13 21:19:39'),
('17202309141517301',17,1,'120230808133318',NULL,'https://pic.imgdb.cn/item/64c626781ddac507cc836db6.png','赞了你的帖子',0,'2023-09-14 15:17:30'),
('17202309141517351',17,1,'120230808133318','2023091415173517','https://pic.imgdb.cn/item/64c626781ddac507cc836db6.png','评论了你的帖子',0,'2023-09-14 15:17:35'),
('17202309151611441',17,1,'120230808133318',NULL,'https://pic.imgdb.cn/item/64c626781ddac507cc836db6.png','赞了你的帖子',0,'2023-09-15 16:11:44'),
('172023091516284817',17,17,'120230808133318',NULL,'https://pic.imgdb.cn/item/64c626781ddac507cc836db6.png','赞了你的帖子',1,'2023-09-15 16:28:48'),
('172023091516294017',17,17,'120230808133318',NULL,'https://pic.imgdb.cn/item/64c626781ddac507cc836db6.png','赞了你的帖子',0,'2023-09-15 16:29:40'),
('172023091516302417',17,17,'120230808133318','','https://pic.imgdb.cn/item/64c626781ddac507cc836db6.png','赞了你的帖子',1,'2023-09-15 16:30:24'),
('172023091516441917',17,17,'120230808133318',NULL,'https://pic.imgdb.cn/item/64c626781ddac507cc836db6.png','赞了你的帖子',0,'2023-09-15 16:44:19'),
('172023091516464717',17,17,'120230808133318',NULL,'https://pic.imgdb.cn/item/64c626781ddac507cc836db6.png','赞了你的帖子',0,'2023-09-15 16:46:47'),
('172023091516471017',17,17,'120230808133318',NULL,'https://pic.imgdb.cn/item/64c626781ddac507cc836db6.png','赞了你的帖子',0,'2023-09-15 16:47:10'),
('172023091516473517',17,17,'120230808133318',NULL,'https://pic.imgdb.cn/item/64c626781ddac507cc836db6.png','赞了你的帖子',0,'2023-09-15 16:47:35'),
('2',3,1,'38783','778378','efwef','达瓦达瓦',0,'2023-08-15 19:59:13'),
('28202310082329291',28,1,'120230808133318','2023100823292928','https://pic.imgdb.cn/item/64c626781ddac507cc836db6.png','评论了你的帖子',0,'2023-10-08 23:29:29'),
('28202310082329331',28,1,'120230808133318',NULL,'https://pic.imgdb.cn/item/64c626781ddac507cc836db6.png','赞了你的帖子',0,'2023-10-08 23:29:33'),
('3',3,1,'738783','783','wf','人挺好',0,'2023-08-12 19:59:15'),
('4',4,1,'738','783783','we','阿瓦达吴大维d',0,'2023-08-19 19:59:17'),
('5',6,1,'773783','783783738','wef','他如何',0,'2023-08-16 19:59:18');

/*Table structure for table `menu` */

DROP TABLE IF EXISTS `menu`;

CREATE TABLE `menu` (
  `id` bigint NOT NULL AUTO_INCREMENT COMMENT '自增主键（菜单id）',
  `menu_name` varchar(64) NOT NULL COMMENT '菜单（权限）名称',
  `permission` varchar(100) NOT NULL COMMENT '菜单（权限）标识',
  `status` enum('正常','停用') DEFAULT '正常' COMMENT '菜单（权限）状态',
  `create_id` varchar(100) DEFAULT NULL COMMENT '创建人id',
  `create_time` datetime DEFAULT NULL COMMENT '创建时间',
  `update_id` varchar(100) DEFAULT NULL COMMENT '修订人id',
  `update_time` datetime DEFAULT NULL COMMENT '修订时间',
  `remark` varchar(255) DEFAULT NULL COMMENT '备注',
  PRIMARY KEY (`id`)
) ENGINE=InnoDB AUTO_INCREMENT=10 DEFAULT CHARSET=utf8mb3;

/*Data for the table `menu` */

insert  into `menu`(`id`,`menu_name`,`permission`,`status`,`create_id`,`create_time`,`update_id`,`update_time`,`remark`) values 
(1,'测试','test','正常','1','2023-09-14 10:40:44',NULL,NULL,NULL),
(2,'测试2','test2','正常','1','2023-09-14 12:19:04',NULL,NULL,NULL),
(3,'测试3','test3','正常','1','2023-09-14 12:19:02',NULL,NULL,NULL),
(4,'测试4','test4','正常','1','2023-09-14 12:19:02',NULL,NULL,NULL),
(5,'商家上架商品','/good/add','正常','1','2023-09-14 14:25:10',NULL,NULL,NULL),
(6,'商家修改上架商品','/good/update','正常','1','2023-09-14 14:28:43',NULL,NULL,NULL),
(7,'商家下架指定商品','/good/delete','正常','1','2023-09-14 14:28:45',NULL,NULL,NULL),
(8,'强制删除指定帖子','/admin/post/delete','正常','1','2023-09-26 19:48:10',NULL,NULL,NULL);

/*Table structure for table `order` */

DROP TABLE IF EXISTS `order`;

CREATE TABLE `order` (
  `id` varchar(255) NOT NULL COMMENT '主键（用户id + 时间）',
  `user_id` bigint DEFAULT NULL COMMENT '用户id',
  `address_info` varchar(255) CHARACTER SET utf8 COLLATE utf8_general_ci DEFAULT NULL COMMENT '收货信息',
  `order_no` varchar(255) DEFAULT NULL COMMENT '订单号',
  `order_status` enum('待支付','已支付','待发货','已发货','已完成','已退款','已取消') CHARACTER SET utf8 COLLATE utf8_general_ci DEFAULT '待支付' COMMENT '订单状态',
  `order_amount` float DEFAULT NULL COMMENT '订单总金额',
  `create_time` datetime DEFAULT NULL COMMENT '订单创建时间',
  `pay_method` enum('支付宝支付','微信支付') DEFAULT NULL COMMENT '付款方式',
  `pay_time` datetime DEFAULT NULL COMMENT '订单付款时间',
  PRIMARY KEY (`id`)
) ENGINE=InnoDB DEFAULT CHARSET=utf8mb3;

/*Data for the table `order` */

insert  into `order`(`id`,`user_id`,`address_info`,`order_no`,`order_status`,`order_amount`,`create_time`,`pay_method`,`pay_time`) values 
('120230909160845',1,'大帅，18979265641，江西省南昌市青山湖区江西农业大学东区菜鸟驿站','1700420967358656512','待支付',1499.98,'2023-09-09 16:08:45',NULL,NULL),
('120230909163358',1,'大帅，18979265641，江西省南昌市青山湖区江西农业大学东区菜鸟驿站','1700427312099057664','待支付',1499.98,'2023-09-09 16:33:58',NULL,NULL),
('120230909171132',1,'大帅，18979265641，江西省南昌市青山湖区江西农业大学东区菜鸟驿站','1700436766873997312','待支付',2999.96,'2023-09-09 17:11:32',NULL,NULL),
('120230909173057',1,'封心，18979265641，江西省九江市湖口县时代明湖1栋1801','1700441653938606080','待支付',14999.8,'2023-09-09 17:30:57',NULL,NULL),
('2',1,'小鱼，166666666666，江西省南昌市新建区新建第二中学菜鸟驿站','7272727272727','已支付',609.77,'2023-08-10 15:14:57',NULL,'2023-08-10 15:14:59'),
('3',1,'大帅，18979265641，江西省南昌市青山湖区江西农业大学东区菜鸟驿站','7242424243535','已退款',9.9,'2023-08-16 15:14:40',NULL,NULL),
('4',1,'大帅，18979265641，江西省南昌市青山湖区江西农业大学东区菜鸟驿站','1212123783873','已取消',199.98,'2023-08-21 15:15:24',NULL,NULL);

/*Table structure for table `order_detail` */

DROP TABLE IF EXISTS `order_detail`;

CREATE TABLE `order_detail` (
  `id` varchar(255) CHARACTER SET utf8 COLLATE utf8_general_ci NOT NULL COMMENT '主键（用户id + 时间 + index）',
  `good_id` varchar(255) DEFAULT NULL COMMENT '商品id',
  `good_number` int DEFAULT NULL COMMENT '商品数量',
  `good_name` varchar(255) DEFAULT NULL COMMENT '商品名称',
  `good_description` varchar(255) DEFAULT NULL COMMENT '商品描述',
  `good_price` float DEFAULT NULL COMMENT '商品单价',
  `good_first_picture` varchar(255) DEFAULT NULL COMMENT '商品首图',
  `good_amount` float DEFAULT NULL COMMENT '单类商品总价格',
  `order_id` varchar(255) DEFAULT NULL COMMENT '订单id',
  PRIMARY KEY (`id`)
) ENGINE=InnoDB DEFAULT CHARSET=utf8mb3;

/*Data for the table `order_detail` */

insert  into `order_detail`(`id`,`good_id`,`good_number`,`good_name`,`good_description`,`good_price`,`good_first_picture`,`good_amount`,`order_id`) values 
('1120230813111410','120230813111410',1,'杀虫剂','100%杀死橘小实蝇护卫柑橘作物',499.99,'https://pic.imgdb.cn/item/64c626781ddac507cc836db6.png',499.99,'120230909160845'),
('1120230813111616','120230813111616',1,'杀虫剂','橘小实蝇杀死率高达99.90000%',999.99,'http://dummyimage.com/400x400',999.99,'120230909160845'),
('1202309091633580','120230813111410',1,'杀虫剂','100%杀死橘小实蝇护卫柑橘作物',499.99,'https://pic.imgdb.cn/item/64c626781ddac507cc836db6.png',499.99,'120230909163358'),
('1202309091633581','120230813111616',1,'杀虫剂','橘小实蝇杀死率高达99.90000%',999.99,'http://dummyimage.com/400x400',999.99,'120230909163358'),
('1202309091711320','120230813111410',2,'杀虫剂','100%杀死橘小实蝇护卫柑橘作物',499.99,'https://pic.imgdb.cn/item/64c626781ddac507cc836db6.png',999.98,'120230909171132'),
('1202309091711321','120230813111616',2,'杀虫剂','橘小实蝇杀死率高达99.90000%',999.99,'http://dummyimage.com/400x400',1999.98,'120230909171132'),
('1202309091730570','120230813111410',10,'杀虫剂','100%杀死橘小实蝇护卫柑橘作物',499.99,'https://pic.imgdb.cn/item/64c626781ddac507cc836db6.png',4999.9,'120230909173057'),
('1202309091730571','120230813111616',10,'杀虫剂','橘小实蝇杀死率高达99.90000%',999.99,'http://dummyimage.com/400x400',9999.9,'120230909173057'),
('3','1001',3,'时代v','瓦达达娃',99.99,'https://pic.imgdb.cn/item/64c626781ddac507cc836db6.png',299.97,'2'),
('4','1002',1,'给娃','达瓦达瓦的',9.9,'https://pic.imgdb.cn/item/64c626891ddac507cc838bca.png',9.9,'2'),
('5','1003',1,'法塔粉','瑟夫给hi哦呜',299.9,'https://pic.imgdb.cn/item/64c626a11ddac507cc8414b1.png',299.9,'2'),
('6','1002',1,'给娃','达瓦达瓦的',9.9,'https://pic.imgdb.cn/item/64c626891ddac507cc838bca.png',9.9,'3'),
('7','1001',2,'时代v','瓦达达娃',99.99,'https://pic.imgdb.cn/item/64c626781ddac507cc836db6.png',199.98,'4');

/*Table structure for table `post` */

DROP TABLE IF EXISTS `post`;

CREATE TABLE `post` (
  `id` varchar(255) NOT NULL COMMENT '帖子id（主键：发帖人id + 发布时间）',
  `author_id` bigint DEFAULT NULL COMMENT '作者 id',
  `post_title` varchar(255) DEFAULT NULL COMMENT '帖子标题',
  `post_content` text COMMENT '帖子内容',
  `post_type` enum('求助帖','科普帖','随手帖') CHARACTER SET utf8 COLLATE utf8_general_ci DEFAULT NULL COMMENT '帖子类型',
  `post_release_time` datetime DEFAULT NULL COMMENT '发布时间',
  `post_first_picture` varchar(255) DEFAULT NULL COMMENT '首图',
  PRIMARY KEY (`id`)
) ENGINE=InnoDB DEFAULT CHARSET=utf8mb3;

/*Data for the table `post` */

insert  into `post`(`id`,`author_id`,`post_title`,`post_content`,`post_type`,`post_release_time`,`post_first_picture`) values 
('120230808133318',1,'柑橘虫害有哪些？','1、疮痂病：防治柑橘病害时，需要选择抗病性较强的品种进行栽种。2、溃疡病：剪掉植株染病严重的枝叶，并涂抹草木灰进行消毒。3、红蜘蛛：冬季时需要刮除树干上的腐烂树皮。4、介壳虫：柑橘发病前期需要喷洒1-2次的吡虫啉。','求助帖','2023-08-08 13:33:18','https://pic.imgdb.cn/item/64c626781ddac507cc836db6.png'),
('120230808133352',1,'如何解决柑橘虫害问题呢','修剪处理、喷洒药剂、涂白方法、排出积水','科普帖','2023-08-12 08:54:19','https://pic.imgdb.cn/item/64c626781ddac507cc836db6.png'),
('120230808143833',1,'教你种橘子','1、修剪处理2、喷洒药剂3、涂白方法4、排出积水','随手帖','2023-08-08 14:38:33','http://dummyimage.com/400x400'),
('120230926200120',1,'柑橘虫害问题','我该怎么办？？？','求助帖','2023-09-26 20:01:20','https://pic.imgdb.cn/item/64c626781ddac507cc836db6.png'),
('2820230927164152',28,'16.41','16.41','求助帖','2023-09-27 16:41:52','http://s1lcpak9x.bkt.clouddn.com/20230927164146ux9qG6awBFlyc729998f16144c2882da78b853cc6269.jpg');

/*Table structure for table `post_collect` */

DROP TABLE IF EXISTS `post_collect`;

CREATE TABLE `post_collect` (
  `id` varchar(255) NOT NULL COMMENT '用户id + 帖子id',
  `user_id` bigint DEFAULT NULL COMMENT '用户 id',
  `post_id` varchar(255) DEFAULT NULL COMMENT '帖子 id',
  `deleted` tinyint(1) DEFAULT NULL COMMENT '逻辑删除(1：已删除；0：未删除)',
  `collect_time` datetime DEFAULT NULL COMMENT '收藏时间',
  PRIMARY KEY (`id`)
) ENGINE=InnoDB DEFAULT CHARSET=utf8mb3;

/*Data for the table `post_collect` */

insert  into `post_collect`(`id`,`user_id`,`post_id`,`deleted`,`collect_time`) values 
('1',1,'120230808133352',0,'2023-08-11 13:37:28'),
('1120230808133318',1,'120230808133318',0,'2023-08-11 16:31:44'),
('17120230808133318',17,'120230808133318',0,'2023-09-14 15:17:31'),
('2',2,'120230808133352',0,'2023-08-09 13:37:25'),
('3',3,'120230808133352',0,'2023-08-11 13:37:30'),
('4',2,'120230808133318',1,'2023-08-13 13:37:31'),
('5',3,'120230808133318',1,'2023-08-09 13:37:34'),
('6',5,'120230808133318',0,'2023-08-08 13:37:38');

/*Table structure for table `post_image` */

DROP TABLE IF EXISTS `post_image`;

CREATE TABLE `post_image` (
  `id` varchar(255) NOT NULL COMMENT '主键（帖子id + index）',
  `post_id` varchar(255) CHARACTER SET utf8 COLLATE utf8_general_ci DEFAULT NULL COMMENT '帖子 id',
  `post_picture` varchar(255) CHARACTER SET utf8 COLLATE utf8_general_ci DEFAULT NULL COMMENT '帖子图片url',
  PRIMARY KEY (`id`)
) ENGINE=InnoDB DEFAULT CHARSET=utf8mb3;

/*Data for the table `post_image` */

insert  into `post_image`(`id`,`post_id`,`post_picture`) values 
('1202308081333180','120230808133318','https://pic.imgdb.cn/item/64c626781ddac507cc836db6.png'),
('1202308081333181','120230808133318','https://pic.imgdb.cn/item/64c626781ddac507cc836db6.png'),
('1202308081333182','120230808133318','https://pic.imgdb.cn/item/64c626781ddac507cc836db6.png'),
('1202308081333520','120230808133352','https://pic.imgdb.cn/item/64c626781ddac507cc836db6.png'),
('1202308081333521','120230808133352','https://pic.imgdb.cn/item/64c626a11ddac507cc8414b1.png'),
('1202308081438330','120230808143833','http://dummyimage.com/400x400'),
('1202308081438331','120230808143833','http://dummyimage.com/400x400'),
('1202308081438332','120230808143833','http://dummyimage.com/400x400'),
('1202308081438333','120230808143833','http://dummyimage.com/400x400'),
('1202308081438334','120230808143833','http://dummyimage.com/400x400'),
('1202309262001200','120230926200120','https://pic.imgdb.cn/item/64c626781ddac507cc836db6.png'),
('1202309262001201','120230926200120','https://pic.imgdb.cn/item/64c626a11ddac507cc8414b1.png'),
('28202309271641520','2820230927164152','http://s1lcpak9x.bkt.clouddn.com/20230927164146ux9qG6awBFlyc729998f16144c2882da78b853cc6269.jpg');

/*Table structure for table `post_like` */

DROP TABLE IF EXISTS `post_like`;

CREATE TABLE `post_like` (
  `id` varchar(255) NOT NULL COMMENT '用户id + 帖子id',
  `user_id` bigint DEFAULT NULL COMMENT '用户 id',
  `post_id` varchar(255) DEFAULT NULL COMMENT '帖子 id',
  `deleted` tinyint(1) DEFAULT NULL COMMENT '逻辑删除(1：已删除；0：未删除)',
  `like_time` datetime DEFAULT NULL COMMENT '点赞时间',
  PRIMARY KEY (`id`)
) ENGINE=InnoDB DEFAULT CHARSET=utf8mb3;

/*Data for the table `post_like` */

insert  into `post_like`(`id`,`user_id`,`post_id`,`deleted`,`like_time`) values 
('1120230808133318',1,'120230808133318',0,'2023-08-27 18:02:36'),
('17120230808133318',17,'120230808133318',0,'2023-09-15 16:47:35'),
('2',2,'120230808133318',0,'2023-08-04 13:35:02'),
('28120230808133318',28,'120230808133318',0,'2023-10-08 23:29:33'),
('3',3,'120230808133318',1,'2023-08-22 13:35:11'),
('4',4,'120230808133318',0,'2023-08-12 13:35:14'),
('5',2,'120230808133352',0,'2023-08-08 13:36:11'),
('6',3,'120230808133352',0,'2023-08-10 13:36:13'),
('7',7,'120230808133352',1,'2023-08-17 13:36:15'),
('8',8,'120230808133352',1,'2023-08-14 13:36:17');

/*Table structure for table `review` */

DROP TABLE IF EXISTS `review`;

CREATE TABLE `review` (
  `id` varchar(255) NOT NULL COMMENT '商品评论 id（评论时间 + 用户id）',
  `good_id` varchar(255) DEFAULT NULL COMMENT '商品 id',
  `star` int DEFAULT NULL COMMENT '星级',
  `star_level` enum('好','中','差') DEFAULT NULL COMMENT '评价等级',
  `content` varchar(255) DEFAULT NULL COMMENT '评论内容',
  `user_id` bigint DEFAULT NULL COMMENT '评论者id',
  `parent_id` varchar(255) DEFAULT NULL COMMENT '父评论id',
  `create_time` datetime DEFAULT NULL COMMENT '评论创建时间',
  PRIMARY KEY (`id`)
) ENGINE=InnoDB DEFAULT CHARSET=utf8mb3;

/*Data for the table `review` */

insert  into `review`(`id`,`good_id`,`star`,`star_level`,`content`,`user_id`,`parent_id`,`create_time`) values 
('202308141013571','120230813111616',5,'好','添加评价测试01',1,NULL,'2023-08-14 10:13:57');

/*Table structure for table `review_like` */

DROP TABLE IF EXISTS `review_like`;

CREATE TABLE `review_like` (
  `id` varchar(255) NOT NULL COMMENT '用户id + 商品id',
  `user_id` bigint DEFAULT NULL COMMENT '用户 id',
  `review_id` varchar(255) CHARACTER SET utf8 COLLATE utf8_general_ci DEFAULT NULL COMMENT '商品 id',
  `deleted` tinyint(1) DEFAULT NULL COMMENT '逻辑删除(1：已删除；0：未删除)',
  `like_time` datetime DEFAULT NULL COMMENT '点赞时间',
  PRIMARY KEY (`id`)
) ENGINE=InnoDB DEFAULT CHARSET=utf8mb3;

/*Data for the table `review_like` */

/*Table structure for table `role` */

DROP TABLE IF EXISTS `role`;

CREATE TABLE `role` (
  `id` bigint NOT NULL AUTO_INCREMENT COMMENT '自增主键（角色id）',
  `role_name` varchar(128) DEFAULT NULL COMMENT '角色名称',
  `role_key` varchar(128) DEFAULT NULL COMMENT '角色权限字符串',
  `status` enum('正常','停用') DEFAULT '正常' COMMENT '角色状态（1正常 2停用）',
  `create_id` bigint DEFAULT NULL COMMENT '创建人id',
  `create_time` datetime DEFAULT NULL COMMENT '创建时间',
  `update_id` bigint DEFAULT NULL COMMENT '修订人id',
  `update_time` datetime DEFAULT NULL COMMENT '修订时间',
  `remark` varchar(255) DEFAULT NULL COMMENT '备注',
  PRIMARY KEY (`id`)
) ENGINE=InnoDB AUTO_INCREMENT=5 DEFAULT CHARSET=utf8mb3;

/*Data for the table `role` */

insert  into `role`(`id`,`role_name`,`role_key`,`status`,`create_id`,`create_time`,`update_id`,`update_time`,`remark`) values 
(1,'管理员','admin','正常',1,'2023-09-14 10:41:51',NULL,NULL,NULL),
(2,'商家','business','正常',1,'2023-09-14 10:44:59',NULL,NULL,NULL),
(3,'专家','expert','正常',1,'2023-09-14 10:45:41',NULL,NULL,NULL),
(4,'普通用户','user','正常',1,'2023-09-14 10:45:43',NULL,NULL,NULL);

/*Table structure for table `role_menu` */

DROP TABLE IF EXISTS `role_menu`;

CREATE TABLE `role_menu` (
  `role_id` bigint NOT NULL COMMENT '角色id',
  `menu_id` bigint NOT NULL COMMENT '菜单（权限）id',
  PRIMARY KEY (`role_id`,`menu_id`)
) ENGINE=InnoDB DEFAULT CHARSET=utf8mb3;

/*Data for the table `role_menu` */

insert  into `role_menu`(`role_id`,`menu_id`) values 
(1,8),
(2,5),
(2,6),
(2,7),
(4,1),
(4,2),
(4,3);

/*Table structure for table `user` */

DROP TABLE IF EXISTS `user`;

CREATE TABLE `user` (
  `id` bigint NOT NULL AUTO_INCREMENT COMMENT '自增主键（用户id）',
  `username` varchar(255) DEFAULT NULL COMMENT '用户名',
  `password` varchar(255) DEFAULT NULL COMMENT '密码',
  `nickname` varchar(255) DEFAULT NULL COMMENT '昵称',
  `avatar` varchar(255) DEFAULT NULL COMMENT '头像',
  `sex` enum('未知','男','女') CHARACTER SET utf8 COLLATE utf8_general_ci NOT NULL DEFAULT '未知' COMMENT '性别',
  `create_time` datetime DEFAULT NULL COMMENT '注册时间',
  `openid` varchar(255) DEFAULT NULL COMMENT '微信用户唯一标识',
  `wx_union_id` varchar(255) DEFAULT NULL COMMENT '联合id',
  `role` enum('用户','商家','专家','管理员') CHARACTER SET utf8 COLLATE utf8_general_ci NOT NULL DEFAULT '用户' COMMENT '角色身份',
  `status` enum('正常','禁用') DEFAULT NULL COMMENT '账号状态',
  `phone` varchar(255) DEFAULT NULL COMMENT '电话号码',
  `id_card` varchar(255) DEFAULT NULL COMMENT '身份证号码',
  `address` varchar(255) DEFAULT NULL COMMENT '常住地',
  `birthday` date DEFAULT NULL COMMENT '出生日期',
  `description` varchar(255) DEFAULT NULL COMMENT '个性签名',
  PRIMARY KEY (`id`)
) ENGINE=InnoDB AUTO_INCREMENT=29 DEFAULT CHARSET=utf8mb3;

/*Data for the table `user` */

insert  into `user`(`id`,`username`,`password`,`nickname`,`avatar`,`sex`,`create_time`,`openid`,`wx_union_id`,`role`,`status`,`phone`,`id_card`,`address`,`birthday`,`description`) values 
(1,'fengxin','$2a$10$koRiT5iNt1FrSbnDZLeuUOa8m05/0qMz9c1B6tTHQkoT9WuAFqleG','大帅','https://pic.imgdb.cn/item/64c617721ddac507cc676bb4.webp','男','2023-08-08 10:38:25',NULL,NULL,'用户','正常','18979255901','3604255222621661','湖口','2003-02-26','努力永不过时！'),
(2,'fyj','2e909b0ba63e32efb2f701c2c4a3e34c','付总','https://pic.imgdb.cn/item/64c617e81ddac507cc68387d.webp','男','2023-08-09 11:11:12',NULL,NULL,'用户',NULL,NULL,NULL,NULL,NULL,NULL),
(3,'yt','88584a231b863ceff60335a47ce2012c','小鱼','https://pic.imgdb.cn/item/64c618181ddac507cc689037.webp','女','2023-08-09 11:11:44',NULL,NULL,'商家',NULL,NULL,NULL,NULL,NULL,NULL),
(4,'banyue','c968383da5b0202ff429f19faaa14318','半月','https://pic.imgdb.cn/item/64c618341ddac507cc68c5ce.webp','未知','2023-08-09 11:12:12',NULL,NULL,'专家',NULL,NULL,NULL,NULL,NULL,NULL),
(5,'zss','2e909b0ba63e32efb2f701c2c4a3e34c','用户616515','https://pic.imgdb.cn/item/64c618461ddac507cc68e761.webp','未知','2023-08-15 19:51:57',NULL,NULL,'专家',NULL,NULL,NULL,NULL,NULL,NULL),
(6,'zs','2e909b0ba63e32efb2f701c2c4a3e34c','用户614554315','https://pic.imgdb.cn/item/64c617ea1ddac507cc683d71.webp','未知','2023-08-15 14:42:00',NULL,NULL,'商家',NULL,NULL,NULL,NULL,NULL,NULL),
(7,'zsss','2e909b0ba63e32efb2f701c2c4a3e34c','用户616456456432','https://pic.imgdb.cn/item/64c618521ddac507cc690082.webp','未知','2023-08-15 19:52:02',NULL,NULL,'商家',NULL,NULL,NULL,NULL,NULL,NULL),
(8,'zsss22','2e909b0ba63e32efb2f701c2c4a3e34c','用户616515','https://pic.imgdb.cn/item/64c626781ddac507cc836db6.png','未知','2023-08-15 19:52:02',NULL,NULL,'商家',NULL,NULL,NULL,NULL,NULL,NULL),
(9,'1213','97738b64ca499d09376cd8df8bd9259b','用户616515','https://pic.imgdb.cn/item/64c626891ddac507cc838bca.png','未知','2023-08-15 22:32:29',NULL,NULL,'用户',NULL,NULL,NULL,NULL,NULL,NULL),
(11,'1233333','97738b64ca499d09376cd8df8bd9259b','用户61865','https://pic.imgdb.cn/item/64c626a11ddac507cc8414b1.png','未知','2023-08-15 22:26:50',NULL,NULL,'用户',NULL,NULL,NULL,NULL,NULL,NULL),
(12,'233333','97738b64ca499d09376cd8df8bd9259b','用户618685358','https://pic.imgdb.cn/item/64c626a41ddac507cc8418c9.png','未知','2023-08-15 22:28:29',NULL,NULL,'用户',NULL,NULL,NULL,NULL,NULL,NULL),
(13,'fedwa','97738b64ca499d09376cd8df8bd9259b','用户6186853355','https://pic.imgdb.cn/item/64c626a41ddac507cc841936.png','未知','2023-08-15 22:28:53',NULL,NULL,'用户',NULL,NULL,NULL,NULL,NULL,NULL),
(14,'awds','97738b64ca499d09376cd8df8bd9259b','用户685','https://pic.imgdb.cn/item/64c626a41ddac507cc84199b.png','未知','2023-08-15 22:29:51',NULL,NULL,'用户',NULL,NULL,NULL,NULL,NULL,NULL),
(15,'da','97738b64ca499d09376cd8df8bd9259b','用户6186553','https://pic.imgdb.cn/item/64c63ae61ddac507cca5e491.jpg','未知','2023-08-15 22:30:31',NULL,NULL,'用户',NULL,NULL,NULL,NULL,NULL,NULL),
(16,'dasda','97738b64ca499d09376cd8df8bd9259b','用户6186868515','https://pic.imgdb.cn/item/64c63ae61ddac507cca5e548.jpg','未知','2023-08-15 22:30:31',NULL,NULL,'用户',NULL,NULL,NULL,NULL,NULL,NULL),
(17,'948511270','$2a$10$SABb41rqWQczEyczqQ1RiO4IpJwF5YvzF/SroCcFcnI6vNkoxeo2y','怡来牟**66','https://thirdwx.qlogo.cn/mmopen/vi_32/4bMxOSRQ3pC0OViaMJf7AYYwgOKlY8rLdDmdHq1sA0gJzAm2xoSqNOWlCsoA6T9VHvkiaHlkicefO9KO5aEXjKJNg/132','未知','2023-08-15 22:36:04',NULL,NULL,'用户',NULL,NULL,NULL,NULL,NULL,NULL),
(18,'zhoushuai','$2a$10$fKF5/xeeSjRTfvW7XUHhLuE/./sW6qTg6N9LwXRjzztXSvPCWQv0S',NULL,NULL,'未知','2023-09-13 22:39:45',NULL,NULL,'用户',NULL,NULL,NULL,NULL,NULL,NULL),
(19,'zhoushuai123','$2a$10$6qXLXXJ2pzmA3Nm8MBetO.ebHle7qb8NFAbnwFon1Hrt687GWOlEO',NULL,NULL,'未知','2023-09-13 23:57:45',NULL,NULL,'用户',NULL,NULL,NULL,NULL,NULL,NULL),
(24,'fengxin111','$2a$10$wjvVU83z9m/LWI7o2ylZEOOdyL8rskpyFtPeMVdpl82Pq73dMQNfq',NULL,NULL,'未知','2023-09-21 10:27:42',NULL,NULL,'用户',NULL,NULL,NULL,NULL,NULL,NULL),
(25,'fengxin111222','$2a$10$jsQkfE2I5F2CGxVnDYXIHeyLgAB8L4eAlgCcdnSwBASURfA8BfuXK','昵称20230921102915','https://pic.imgdb.cn/item/64c617ea1ddac507cc683d71.webp','未知','2023-09-21 10:29:15',NULL,NULL,'用户',NULL,NULL,NULL,NULL,NULL,NULL),
(26,'fengxin11122233','$2a$10$sazll7HGWIiW0vFHgVTMkORsENjE9fTq.th8lNGuemQ8miLhFfiC.','昵称20230921103117','https://pic.imgdb.cn/item/64c617ea1ddac507cc683d71.webp','未知','2023-09-21 10:31:17',NULL,NULL,'用户',NULL,NULL,NULL,NULL,NULL,NULL),
(27,'fengxin1122233','$2a$10$mqhV9PnKdAjnnYmsq5/GZ.G9GGFQINbrJcDe0m5RbMOCPusBlKjFW','昵称20230921103140','https://thirdwx.qlogo.cn/mmopen/vi_32/POgEwh4mIHO4nibH0KlMECNjjGxQUq24ZEaGT4poC6icRiccVGKSyXwibcPq4BWmiaIGuG1icwxaQX6grC9VemZoJ8rg/132','未知','2023-09-21 10:31:40',NULL,NULL,'用户',NULL,NULL,NULL,NULL,NULL,NULL),
(28,NULL,NULL,'怡来牟','http://s1lcpak9x.bkt.clouddn.com/20231106222434Wx-28-20231106222434','未知','2023-09-26 20:31:51','ooP5i5Fgw8evSujcxrm9Ic54EBVI',NULL,'用户',NULL,NULL,NULL,NULL,NULL,NULL);

/*Table structure for table `user_role` */

DROP TABLE IF EXISTS `user_role`;

CREATE TABLE `user_role` (
  `user_id` bigint NOT NULL COMMENT '用户id',
  `role_id` bigint NOT NULL DEFAULT '0' COMMENT '角色id',
  PRIMARY KEY (`user_id`,`role_id`)
) ENGINE=InnoDB DEFAULT CHARSET=utf8mb3;

/*Data for the table `user_role` */

insert  into `user_role`(`user_id`,`role_id`) values 
(1,1),
(1,2),
(1,3),
(1,4);

/*!40101 SET SQL_MODE=@OLD_SQL_MODE */;
/*!40014 SET FOREIGN_KEY_CHECKS=@OLD_FOREIGN_KEY_CHECKS */;
/*!40014 SET UNIQUE_CHECKS=@OLD_UNIQUE_CHECKS */;
/*!40111 SET SQL_NOTES=@OLD_SQL_NOTES */;
